yr,ts,j,value
2008,taxes,ppd,0.111
2009,taxes,ppd,0.098
2005,taxes,ppd,0.105
2006,taxes,ppd,0.108
2012,taxes,ppd,0.099
2014,taxes,ppd,0.10200000000000001
2013,taxes,ppd,0.10200000000000001
1999,taxes,ppd,0.092
2002,taxes,ppd,0.092
2017,taxes,ppd,0.105
2016,taxes,ppd,0.10400000000000001
2015,taxes,ppd,0.10400000000000001
1998,taxes,ppd,0.091
2004,taxes,ppd,0.099
2000,taxes,ppd,0.093
1997,taxes,ppd,0.091
2007,taxes,ppd,0.114
2010,taxes,ppd,0.10400000000000001
2003,taxes,ppd,0.095
2011,taxes,ppd,0.105
2001,taxes,ppd,0.095
2008,subsidies,ppd,-0.0
2009,subsidies,ppd,-0.0
2005,subsidies,ppd,-0.0
2006,subsidies,ppd,-0.0
2012,subsidies,ppd,-0.0
2014,subsidies,ppd,-0.0
2013,subsidies,ppd,-0.0
1999,subsidies,ppd,-0.0
2002,subsidies,ppd,-0.0
2017,subsidies,ppd,-0.0
2016,subsidies,ppd,-0.0
2015,subsidies,ppd,-0.0
1998,subsidies,ppd,-0.0
2004,subsidies,ppd,-0.0
2000,subsidies,ppd,-0.0
1997,subsidies,ppd,-0.0
2007,subsidies,ppd,-0.0
2010,subsidies,ppd,-0.0
2003,subsidies,ppd,-0.0
2011,subsidies,ppd,-0.0
2001,subsidies,ppd,-0.0
2008,taxes,res,35.198
2009,taxes,res,34.499
2005,taxes,res,29.513
2006,taxes,res,32.122
2012,taxes,res,36.049
2014,taxes,res,41.112
2013,taxes,res,38.749
1999,taxes,res,19.834
2002,taxes,res,23.712
2017,taxes,res,48.223
2016,taxes,res,46.224000000000004
2015,taxes,res,43.719
1998,taxes,res,18.589
2004,taxes,res,27.203
2000,taxes,res,21.195
1997,taxes,res,17.582
2007,taxes,res,33.68
2010,taxes,res,36.817
2003,taxes,res,25.305
2011,taxes,res,34.448
2001,taxes,res,23.181
2008,subsidies,res,-0.0
2009,subsidies,res,-0.0
2005,subsidies,res,-0.0
2006,subsidies,res,-0.0
2012,subsidies,res,-0.0
2014,subsidies,res,-0.0
2013,subsidies,res,-0.0
1999,subsidies,res,-0.0
2002,subsidies,res,-0.0
2017,subsidies,res,-0.0
2016,subsidies,res,-0.0
2015,subsidies,res,-0.0
1998,subsidies,res,-0.0
2004,subsidies,res,-0.0
2000,subsidies,res,-0.0
1997,subsidies,res,-0.0
2007,subsidies,res,-0.0
2010,subsidies,res,-0.0
2003,subsidies,res,-0.0
2011,subsidies,res,-0.0
2001,subsidies,res,-0.0
2008,taxes,com,2.345
2009,taxes,com,2.191
2005,taxes,com,1.616
2006,taxes,com,1.851
2012,taxes,com,3.249
2014,taxes,com,3.978
2013,taxes,com,3.584
1999,taxes,com,1.5130000000000001
2002,taxes,com,1.436
2017,taxes,com,4.732
2016,taxes,com,4.5120000000000005
2015,taxes,com,4.331
1998,taxes,com,1.2570000000000001
2004,taxes,com,1.489
2000,taxes,com,1.814
1997,taxes,com,1.018
2007,taxes,com,2.146
2010,taxes,com,2.459
2003,taxes,com,1.399
2011,taxes,com,2.875
2001,taxes,com,1.718
2008,subsidies,com,-0.0
2009,subsidies,com,-0.0
2005,subsidies,com,-0.0
2006,subsidies,com,-0.0
2012,subsidies,com,-0.0
2014,subsidies,com,-0.0
2013,subsidies,com,-0.0
1999,subsidies,com,-0.0
2002,subsidies,com,-0.0
2017,subsidies,com,-0.0
2016,subsidies,com,-0.0
2015,subsidies,com,-0.0
1998,subsidies,com,-0.0
2004,subsidies,com,-0.0
2000,subsidies,com,-0.0
1997,subsidies,com,-0.0
2007,subsidies,com,-0.0
2010,subsidies,com,-0.0
2003,subsidies,com,-0.0
2011,subsidies,com,-0.0
2001,subsidies,com,-0.0
2008,taxes,amb,0.971
2009,taxes,amb,0.988
2005,taxes,amb,0.791
2006,taxes,amb,0.84
2012,taxes,amb,1.1380000000000001
2014,taxes,amb,1.222
2013,taxes,amb,1.183
1999,taxes,amb,0.483
2002,taxes,amb,0.615
2017,taxes,amb,1.365
2016,taxes,amb,1.32
2015,taxes,amb,1.2750000000000001
1998,taxes,amb,0.466
2004,taxes,amb,0.744
2000,taxes,amb,0.511
1997,taxes,amb,0.452
2007,taxes,amb,0.921
2010,taxes,amb,1.064
2003,taxes,amb,0.661
2011,taxes,amb,1.092
2001,taxes,amb,0.578
2008,subsidies,amb,-0.0
2009,subsidies,amb,-0.0
2005,subsidies,amb,-0.0
2006,subsidies,amb,-0.0
2012,subsidies,amb,-0.0
2014,subsidies,amb,-0.0
2013,subsidies,amb,-0.0
1999,subsidies,amb,-0.0
2002,subsidies,amb,-0.0
2017,subsidies,amb,-0.0
2016,subsidies,amb,-0.0
2015,subsidies,amb,-0.0
1998,subsidies,amb,-0.0
2004,subsidies,amb,-0.0
2000,subsidies,amb,-0.0
1997,subsidies,amb,-0.0
2007,subsidies,amb,-0.0
2010,subsidies,amb,-0.0
2003,subsidies,amb,-0.0
2011,subsidies,amb,-0.0
2001,subsidies,amb,-0.0
2008,taxes,fbp,15.965
2009,taxes,fbp,24.379
2005,taxes,fbp,16.047
2006,taxes,fbp,16.157
2012,taxes,fbp,25.715
2014,taxes,fbp,24.409
2013,taxes,fbp,24.944
1999,taxes,fbp,11.959
2002,taxes,fbp,14.126
2017,taxes,fbp,23.252
2016,taxes,fbp,23.561
2015,taxes,fbp,23.795
1998,taxes,fbp,11.98
2004,taxes,fbp,15.034
2000,taxes,fbp,13.425
1997,taxes,fbp,12.195
2007,taxes,fbp,16.241
2010,taxes,fbp,26.123
2003,taxes,fbp,14.834
2011,taxes,fbp,25.429000000000002
2001,taxes,fbp,13.634
2008,subsidies,fbp,-0.0
2009,subsidies,fbp,-0.0
2005,subsidies,fbp,-0.0
2006,subsidies,fbp,-0.0
2012,subsidies,fbp,-0.0
2014,subsidies,fbp,-0.0
2013,subsidies,fbp,-0.0
1999,subsidies,fbp,-0.0
2002,subsidies,fbp,-0.0
2017,subsidies,fbp,-0.0
2016,subsidies,fbp,-0.0
2015,subsidies,fbp,-0.0
1998,subsidies,fbp,-0.0
2004,subsidies,fbp,-0.0
2000,subsidies,fbp,-0.0
1997,subsidies,fbp,-0.0
2007,subsidies,fbp,-0.0
2010,subsidies,fbp,-0.0
2003,subsidies,fbp,-0.0
2011,subsidies,fbp,-0.0
2001,subsidies,fbp,-0.0
2008,taxes,rec,5.423
2009,taxes,rec,5.259
2005,taxes,rec,4.509
2006,taxes,rec,4.807
2012,taxes,rec,7.2540000000000004
2014,taxes,rec,7.889
2013,taxes,rec,7.692
1999,taxes,rec,3.317
2002,taxes,rec,3.673
2017,taxes,rec,9.133000000000001
2016,taxes,rec,8.74
2015,taxes,rec,8.365
1998,taxes,rec,3.0700000000000003
2004,taxes,rec,4.214
2000,taxes,rec,3.685
1997,taxes,rec,2.906
2007,taxes,rec,5.2090000000000005
2010,taxes,rec,5.73
2003,taxes,rec,3.931
2011,taxes,rec,6.12
2001,taxes,rec,3.5740000000000003
2008,subsidies,rec,-0.0
2009,subsidies,rec,-0.0
2005,subsidies,rec,-0.0
2006,subsidies,rec,-0.0
2012,subsidies,rec,-0.0
2014,subsidies,rec,-0.0
2013,subsidies,rec,-0.0
1999,subsidies,rec,-0.0
2002,subsidies,rec,-0.0
2017,subsidies,rec,-0.0
2016,subsidies,rec,-0.0
2015,subsidies,rec,-0.0
1998,subsidies,rec,-0.0
2004,subsidies,rec,-0.0
2000,subsidies,rec,-0.0
1997,subsidies,rec,-0.0
2007,subsidies,rec,-0.0
2010,subsidies,rec,-0.0
2003,subsidies,rec,-0.0
2011,subsidies,rec,-0.0
2001,subsidies,rec,-0.0
2008,taxes,con,1.42
2009,taxes,con,1.149
2005,taxes,con,1.176
2006,taxes,con,1.3900000000000001
2012,taxes,con,1.272
2014,taxes,con,1.498
2013,taxes,con,1.373
1999,taxes,con,0.764
2002,taxes,con,0.867
2017,taxes,con,1.7850000000000001
2016,taxes,con,1.701
2015,taxes,con,1.613
1998,taxes,con,0.6910000000000001
2004,taxes,con,1.014
2000,taxes,con,0.8210000000000001
1997,taxes,con,0.631
2007,taxes,con,1.46
2010,taxes,con,1.096
2003,taxes,con,0.907
2011,taxes,con,1.201
2001,taxes,con,0.87
2008,subsidies,con,-0.0
2009,subsidies,con,-0.0
2005,subsidies,con,-0.0
2006,subsidies,con,-0.0
2012,subsidies,con,-0.0
2014,subsidies,con,-0.0
2013,subsidies,con,-0.0
1999,subsidies,con,-0.0
2002,subsidies,con,-0.0
2017,subsidies,con,-0.0
2016,subsidies,con,-0.0
2015,subsidies,con,-0.0
1998,subsidies,con,-0.0
2004,subsidies,con,-0.0
2000,subsidies,con,-0.0
1997,subsidies,con,-0.0
2007,subsidies,con,-0.0
2010,subsidies,con,-0.0
2003,subsidies,con,-0.0
2011,subsidies,con,-0.0
2001,subsidies,con,-0.0
2008,taxes,agr,0.0
2009,taxes,agr,0.0
2005,taxes,agr,0.0
2006,taxes,agr,0.0
2012,taxes,agr,0.0
2014,taxes,agr,0.0
2013,taxes,agr,0.0
1999,taxes,agr,0.0
2002,taxes,agr,0.0
2017,taxes,agr,0.0
2016,taxes,agr,0.0
2015,taxes,agr,0.0
1998,taxes,agr,0.0
2004,taxes,agr,0.0
2000,taxes,agr,0.0
1997,taxes,agr,0.0
2007,taxes,agr,0.0
2010,taxes,agr,0.0
2003,taxes,agr,0.0
2011,taxes,agr,0.0
2001,taxes,agr,0.0
2008,subsidies,agr,10.346
2009,subsidies,agr,10.361
2005,subsidies,agr,20.914
2006,subsidies,agr,13.489
2012,subsidies,agr,8.759
2014,subsidies,agr,7.463
2013,subsidies,agr,8.913
1999,subsidies,agr,18.577
2002,subsidies,agr,10.763
2017,subsidies,agr,9.759
2016,subsidies,agr,11.157
2015,subsidies,agr,8.926
1998,subsidies,agr,10.53
2004,subsidies,agr,11.068
2000,subsidies,agr,19.96
1997,subsidies,agr,6.357
2007,subsidies,agr,10.620000000000001
2010,subsidies,agr,10.516
2003,subsidies,agr,14.167
2011,subsidies,agr,8.825000000000001
2001,subsidies,agr,19.987000000000002
2008,taxes,eec,0.088
2009,taxes,eec,0.075
2005,taxes,eec,0.069
2006,taxes,eec,0.076
2012,taxes,eec,0.092
2014,taxes,eec,0.1
2013,taxes,eec,0.096
1999,taxes,eec,0.059000000000000004
2002,taxes,eec,0.059000000000000004
2017,taxes,eec,0.11
2016,taxes,eec,0.105
2015,taxes,eec,0.10300000000000001
1998,taxes,eec,0.057
2004,taxes,eec,0.064
2000,taxes,eec,0.064
1997,taxes,eec,0.056
2007,taxes,eec,0.083
2010,taxes,eec,0.084
2003,taxes,eec,0.06
2011,taxes,eec,0.092
2001,taxes,eec,0.066
2008,subsidies,eec,0.12
2009,subsidies,eec,0.327
2005,subsidies,eec,-0.0
2006,subsidies,eec,-0.0
2012,subsidies,eec,0.842
2014,subsidies,eec,0.293
2013,subsidies,eec,0.394
1999,subsidies,eec,-0.0
2002,subsidies,eec,-0.0
2017,subsidies,eec,0.264
2016,subsidies,eec,0.261
2015,subsidies,eec,0.278
1998,subsidies,eec,-0.0
2004,subsidies,eec,-0.0
2000,subsidies,eec,-0.0
1997,subsidies,eec,-0.0
2007,subsidies,eec,-0.0
2010,subsidies,eec,0.9410000000000001
2003,subsidies,eec,-0.0
2011,subsidies,eec,1.16
2001,subsidies,eec,-0.0
2008,taxes,fnd,0.0
2009,taxes,fnd,0.0
2005,taxes,fnd,0.0
2006,taxes,fnd,0.0
2012,taxes,fnd,0.0
2014,taxes,fnd,0.0
2013,taxes,fnd,0.0
1999,taxes,fnd,0.0
2002,taxes,fnd,0.0
2017,taxes,fnd,0.0
2016,taxes,fnd,0.0
2015,taxes,fnd,0.0
1998,taxes,fnd,0.0
2004,taxes,fnd,0.0
2000,taxes,fnd,0.0
1997,taxes,fnd,0.0
2007,taxes,fnd,0.0
2010,taxes,fnd,0.0
2003,taxes,fnd,0.0
2011,taxes,fnd,0.0
2001,taxes,fnd,0.0
2008,subsidies,fnd,-0.0
2009,subsidies,fnd,-0.0
2005,subsidies,fnd,-0.0
2006,subsidies,fnd,-0.0
2012,subsidies,fnd,-0.0
2014,subsidies,fnd,-0.0
2013,subsidies,fnd,-0.0
1999,subsidies,fnd,-0.0
2002,subsidies,fnd,-0.0
2017,subsidies,fnd,-0.0
2016,subsidies,fnd,-0.0
2015,subsidies,fnd,-0.0
1998,subsidies,fnd,-0.0
2004,subsidies,fnd,-0.0
2000,subsidies,fnd,-0.0
1997,subsidies,fnd,-0.0
2007,subsidies,fnd,-0.0
2010,subsidies,fnd,-0.0
2003,subsidies,fnd,-0.0
2011,subsidies,fnd,-0.0
2001,subsidies,fnd,-0.0
2008,taxes,pub,1.0190000000000001
2009,taxes,pub,0.9440000000000001
2005,taxes,pub,0.9470000000000001
2006,taxes,pub,0.984
2012,taxes,pub,1.039
2014,taxes,pub,1.11
2013,taxes,pub,1.066
1999,taxes,pub,0.78
2002,taxes,pub,0.796
2017,taxes,pub,1.202
2016,taxes,pub,1.1420000000000001
2015,taxes,pub,1.1500000000000001
1998,taxes,pub,0.725
2004,taxes,pub,0.877
2000,taxes,pub,0.8280000000000001
1997,taxes,pub,0.671
2007,taxes,pub,0.977
2010,taxes,pub,0.98
2003,taxes,pub,0.8270000000000001
2011,taxes,pub,1.033
2001,taxes,pub,0.8310000000000001
2008,subsidies,pub,-0.0
2009,subsidies,pub,-0.0
2005,subsidies,pub,-0.0
2006,subsidies,pub,-0.0
2012,subsidies,pub,-0.0
2014,subsidies,pub,-0.0
2013,subsidies,pub,-0.0
1999,subsidies,pub,-0.0
2002,subsidies,pub,-0.0
2017,subsidies,pub,-0.0
2016,subsidies,pub,-0.0
2015,subsidies,pub,-0.0
1998,subsidies,pub,-0.0
2004,subsidies,pub,-0.0
2000,subsidies,pub,-0.0
1997,subsidies,pub,-0.0
2007,subsidies,pub,-0.0
2010,subsidies,pub,-0.0
2003,subsidies,pub,-0.0
2011,subsidies,pub,-0.0
2001,subsidies,pub,-0.0
2008,taxes,hou,0.0
2009,taxes,hou,0.0
2005,taxes,hou,0.0
2006,taxes,hou,0.0
2012,taxes,hou,0.0
2014,taxes,hou,0.0
2013,taxes,hou,0.0
1999,taxes,hou,0.0
2002,taxes,hou,0.0
2017,taxes,hou,0.0
2016,taxes,hou,0.0
2015,taxes,hou,0.0
1998,taxes,hou,0.0
2004,taxes,hou,0.0
2000,taxes,hou,0.0
1997,taxes,hou,0.0
2007,taxes,hou,0.0
2010,taxes,hou,0.0
2003,taxes,hou,0.0
2011,taxes,hou,0.0
2001,taxes,hou,0.0
2008,subsidies,hou,17.02
2009,subsidies,hou,16.754
2005,subsidies,hou,16.762
2006,subsidies,hou,15.256
2012,subsidies,hou,16.282
2014,subsidies,hou,16.014
2013,subsidies,hou,16.458000000000002
1999,subsidies,hou,10.273
2002,subsidies,hou,11.332
2017,subsidies,hou,18.748
2016,subsidies,hou,18.041
2015,subsidies,hou,16.413
1998,subsidies,hou,10.864
2004,subsidies,hou,13.933
2000,subsidies,hou,9.583
1997,subsidies,hou,10.957
2007,subsidies,hou,21.409
2010,subsidies,hou,16.235
2003,subsidies,hou,12.608
2011,subsidies,hou,16.485
2001,subsidies,hou,10.011000000000001
2008,taxes,fbt,16.65
2009,taxes,fbt,16.631
2005,taxes,fbt,14.158
2006,taxes,fbt,15.43
2012,taxes,fbt,18.419
2014,taxes,fbt,20.242
2013,taxes,fbt,19.265
1999,taxes,fbt,11.399000000000001
2002,taxes,fbt,11.005
2017,taxes,fbt,22.428
2016,taxes,fbt,21.666
2015,taxes,fbt,21.183
1998,taxes,fbt,11.462
2004,taxes,fbt,12.803
2000,taxes,fbt,11.374
1997,taxes,fbt,11.254
2007,taxes,fbt,16.167
2010,taxes,fbt,17.351
2003,taxes,fbt,11.939
2011,taxes,fbt,17.919
2001,taxes,fbt,12.241
2008,subsidies,fbt,-0.0
2009,subsidies,fbt,-0.0
2005,subsidies,fbt,-0.0
2006,subsidies,fbt,-0.0
2012,subsidies,fbt,-0.0
2014,subsidies,fbt,-0.0
2013,subsidies,fbt,-0.0
1999,subsidies,fbt,-0.0
2002,subsidies,fbt,-0.0
2017,subsidies,fbt,-0.0
2016,subsidies,fbt,-0.0
2015,subsidies,fbt,-0.0
1998,subsidies,fbt,-0.0
2004,subsidies,fbt,-0.0
2000,subsidies,fbt,-0.0
1997,subsidies,fbt,-0.0
2007,subsidies,fbt,-0.0
2010,subsidies,fbt,-0.0
2003,subsidies,fbt,-0.0
2011,subsidies,fbt,-0.0
2001,subsidies,fbt,-0.0
2008,taxes,ins,16.993000000000002
2009,taxes,ins,16.43
2005,taxes,ins,15.524000000000001
2006,taxes,ins,16.141000000000002
2012,taxes,ins,18.283
2014,taxes,ins,29.682000000000002
2013,taxes,ins,20.197
1999,taxes,ins,9.979000000000001
2002,taxes,ins,11.918000000000001
2017,taxes,ins,26.053
2016,taxes,ins,35.745
2015,taxes,ins,34.27
1998,taxes,ins,9.886000000000001
2004,taxes,ins,14.976
2000,taxes,ins,10.135
1997,taxes,ins,9.469
2007,taxes,ins,16.497
2010,taxes,ins,16.649
2003,taxes,ins,13.499
2011,taxes,ins,17.937
2001,taxes,ins,10.68
2008,subsidies,ins,-0.0
2009,subsidies,ins,-0.0
2005,subsidies,ins,-0.0
2006,subsidies,ins,-0.0
2012,subsidies,ins,-0.0
2014,subsidies,ins,-0.0
2013,subsidies,ins,-0.0
1999,subsidies,ins,-0.0
2002,subsidies,ins,-0.0
2017,subsidies,ins,-0.0
2016,subsidies,ins,-0.0
2015,subsidies,ins,-0.0
1998,subsidies,ins,-0.0
2004,subsidies,ins,-0.0
2000,subsidies,ins,-0.0
1997,subsidies,ins,-0.0
2007,subsidies,ins,-0.0
2010,subsidies,ins,-0.0
2003,subsidies,ins,-0.0
2011,subsidies,ins,-0.0
2001,subsidies,ins,-0.0
2008,taxes,tex,0.035
2009,taxes,tex,0.028
2005,taxes,tex,0.034
2006,taxes,tex,0.037
2012,taxes,tex,0.027
2014,taxes,tex,0.034
2013,taxes,tex,0.033
1999,taxes,tex,0.038
2002,taxes,tex,0.034
2017,taxes,tex,0.035
2016,taxes,tex,0.035
2015,taxes,tex,0.035
1998,taxes,tex,0.038
2004,taxes,tex,0.033
2000,taxes,tex,0.021
1997,taxes,tex,0.037
2007,taxes,tex,0.036000000000000004
2010,taxes,tex,0.029
2003,taxes,tex,0.031
2011,taxes,tex,0.028
2001,taxes,tex,0.035
2008,subsidies,tex,0.005
2009,subsidies,tex,0.006
2005,subsidies,tex,-0.0
2006,subsidies,tex,0.011
2012,subsidies,tex,0.005
2014,subsidies,tex,0.005
2013,subsidies,tex,0.005
1999,subsidies,tex,-0.0
2002,subsidies,tex,-0.0
2017,subsidies,tex,-0.0
2016,subsidies,tex,-0.0
2015,subsidies,tex,0.011
1998,subsidies,tex,-0.0
2004,subsidies,tex,-0.0
2000,subsidies,tex,-0.0
1997,subsidies,tex,-0.0
2007,subsidies,tex,0.005
2010,subsidies,tex,0.005
2003,subsidies,tex,-0.0
2011,subsidies,tex,0.005
2001,subsidies,tex,-0.0
2008,taxes,leg,14.862
2009,taxes,leg,7.107
2005,taxes,leg,24.903000000000002
2006,taxes,leg,23.329
2012,taxes,leg,9.792
2014,taxes,leg,13.192
2013,taxes,leg,12.145
1999,taxes,leg,4.385
2002,taxes,leg,7.269
2017,taxes,leg,16.415
2016,taxes,leg,15.774000000000001
2015,taxes,leg,14.796000000000001
1998,taxes,leg,4.037
2004,taxes,leg,18.108
2000,taxes,leg,4.396
1997,taxes,leg,2.991
2007,taxes,leg,20.346
2010,taxes,leg,7.511
2003,taxes,leg,13.547
2011,taxes,leg,8.435
2001,taxes,leg,5.031
2008,subsidies,leg,-0.0
2009,subsidies,leg,-0.0
2005,subsidies,leg,-0.0
2006,subsidies,leg,-0.0
2012,subsidies,leg,-0.0
2014,subsidies,leg,-0.0
2013,subsidies,leg,-0.0
1999,subsidies,leg,-0.0
2002,subsidies,leg,-0.0
2017,subsidies,leg,-0.0
2016,subsidies,leg,-0.0
2015,subsidies,leg,-0.0
1998,subsidies,leg,-0.0
2004,subsidies,leg,-0.0
2000,subsidies,leg,-0.0
1997,subsidies,leg,-0.0
2007,subsidies,leg,-0.0
2010,subsidies,leg,-0.0
2003,subsidies,leg,-0.0
2011,subsidies,leg,-0.0
2001,subsidies,leg,-0.0
2008,taxes,fen,0.0
2009,taxes,fen,0.0
2005,taxes,fen,0.0
2006,taxes,fen,0.0
2012,taxes,fen,0.0
2014,taxes,fen,0.0
2013,taxes,fen,0.0
1999,taxes,fen,0.0
2002,taxes,fen,0.0
2017,taxes,fen,0.0
2016,taxes,fen,0.0
2015,taxes,fen,0.0
1998,taxes,fen,0.0
2004,taxes,fen,0.0
2000,taxes,fen,0.0
1997,taxes,fen,0.0
2007,taxes,fen,0.0
2010,taxes,fen,0.0
2003,taxes,fen,0.0
2011,taxes,fen,0.0
2001,taxes,fen,0.0
2008,subsidies,fen,4.37
2009,subsidies,fen,4.847
2005,subsidies,fen,2.319
2006,subsidies,fen,2.4010000000000002
2012,subsidies,fen,5.124
2014,subsidies,fen,7.268
2013,subsidies,fen,7.152
1999,subsidies,fen,0.969
2002,subsidies,fen,1.803
2017,subsidies,fen,6.34
2016,subsidies,fen,6.0040000000000004
2015,subsidies,fen,6.001
1998,subsidies,fen,0.9400000000000001
2004,subsidies,fen,2.115
2000,subsidies,fen,1.209
1997,subsidies,fen,0.927
2007,subsidies,fen,3.044
2010,subsidies,fen,3.323
2003,subsidies,fen,1.9060000000000001
2011,subsidies,fen,4.578
2001,subsidies,fen,1.697
2008,taxes,uti,29.266000000000002
2009,taxes,uti,29.183
2005,taxes,uti,24.363
2006,taxes,uti,27.132
2012,taxes,uti,30.894000000000002
2014,taxes,uti,30.788
2013,taxes,uti,30.819
1999,taxes,uti,17.91
2002,taxes,uti,20.909
2017,taxes,uti,30.227
2016,taxes,uti,30.156000000000002
2015,taxes,uti,30.405
1998,taxes,uti,17.205000000000002
2004,taxes,uti,22.457
2000,taxes,uti,18.48
1997,taxes,uti,16.98
2007,taxes,uti,28.41
2010,taxes,uti,29.928
2003,taxes,uti,21.513
2011,taxes,uti,30.595
2001,taxes,uti,20.242
2008,subsidies,uti,-0.0
2009,subsidies,uti,-0.0
2005,subsidies,uti,-0.0
2006,subsidies,uti,-0.0
2012,subsidies,uti,-0.0
2014,subsidies,uti,-0.0
2013,subsidies,uti,-0.0
1999,subsidies,uti,-0.0
2002,subsidies,uti,0.385
2017,subsidies,uti,-0.0
2016,subsidies,uti,-0.0
2015,subsidies,uti,-0.0
1998,subsidies,uti,-0.0
2004,subsidies,uti,-0.0
2000,subsidies,uti,-0.0
1997,subsidies,uti,-0.0
2007,subsidies,uti,-0.0
2010,subsidies,uti,-0.0
2003,subsidies,uti,-0.319
2011,subsidies,uti,-0.0
2001,subsidies,uti,7.024
2008,taxes,nmp,0.105
2009,taxes,nmp,0.08700000000000001
2005,taxes,nmp,0.10400000000000001
2006,taxes,nmp,0.116
2012,taxes,nmp,0.099
2014,taxes,nmp,0.114
2013,taxes,nmp,0.105
1999,taxes,nmp,0.078
2002,taxes,nmp,0.082
2017,taxes,nmp,0.134
2016,taxes,nmp,0.127
2015,taxes,nmp,0.122
1998,taxes,nmp,0.073
2004,taxes,nmp,0.091
2000,taxes,nmp,0.082
1997,taxes,nmp,0.069
2007,taxes,nmp,0.112
2010,taxes,nmp,0.088
2003,taxes,nmp,0.08600000000000001
2011,taxes,nmp,0.093
2001,taxes,nmp,0.084
2008,subsidies,nmp,-0.0
2009,subsidies,nmp,-0.0
2005,subsidies,nmp,-0.0
2006,subsidies,nmp,-0.0
2012,subsidies,nmp,-0.0
2014,subsidies,nmp,-0.0
2013,subsidies,nmp,-0.0
1999,subsidies,nmp,-0.0
2002,subsidies,nmp,-0.0
2017,subsidies,nmp,-0.0
2016,subsidies,nmp,-0.0
2015,subsidies,nmp,-0.0
1998,subsidies,nmp,-0.0
2004,subsidies,nmp,-0.0
2000,subsidies,nmp,-0.0
1997,subsidies,nmp,-0.0
2007,subsidies,nmp,-0.0
2010,subsidies,nmp,-0.0
2003,subsidies,nmp,-0.0
2011,subsidies,nmp,-0.0
2001,subsidies,nmp,-0.0
2008,taxes,brd,29.148
2009,taxes,brd,28.243000000000002
2005,taxes,brd,33.076
2006,taxes,brd,33.08
2012,taxes,brd,29.536
2014,taxes,brd,30.345
2013,taxes,brd,29.834
1999,taxes,brd,25.366
2002,taxes,brd,29.837
2017,taxes,brd,30.740000000000002
2016,taxes,brd,29.657
2015,taxes,brd,30.039
1998,taxes,brd,22.664
2004,taxes,brd,31.509
2000,taxes,brd,27.414
1997,taxes,brd,21.259
2007,taxes,brd,31.93
2010,taxes,brd,28.364
2003,taxes,brd,30.337
2011,taxes,brd,29.3
2001,taxes,brd,29.676000000000002
2008,subsidies,brd,-0.0
2009,subsidies,brd,0.041
2005,subsidies,brd,-0.0
2006,subsidies,brd,-0.0
2012,subsidies,brd,0.746
2014,subsidies,brd,0.094
2013,subsidies,brd,0.395
1999,subsidies,brd,-0.0
2002,subsidies,brd,-0.0
2017,subsidies,brd,0.011
2016,subsidies,brd,-0.005
2015,subsidies,brd,0.094
1998,subsidies,brd,-0.0
2004,subsidies,brd,-0.0
2000,subsidies,brd,-0.0
1997,subsidies,brd,-0.0
2007,subsidies,brd,-0.0
2010,subsidies,brd,0.116
2003,subsidies,brd,-0.0
2011,subsidies,brd,0.51
2001,subsidies,brd,-0.0
2008,taxes,bnk,1.341
2009,taxes,bnk,1.283
2005,taxes,bnk,1.254
2006,taxes,bnk,1.348
2012,taxes,bnk,1.641
2014,taxes,bnk,1.75
2013,taxes,bnk,1.71
1999,taxes,bnk,0.925
2002,taxes,bnk,1.042
2017,taxes,bnk,2.0460000000000003
2016,taxes,bnk,1.951
2015,taxes,bnk,1.877
1998,taxes,bnk,0.929
2004,taxes,bnk,1.186
2000,taxes,bnk,0.937
1997,taxes,bnk,0.893
2007,taxes,bnk,1.387
2010,taxes,bnk,1.3860000000000001
2003,taxes,bnk,1.131
2011,taxes,bnk,1.5310000000000001
2001,taxes,bnk,0.995
2008,subsidies,bnk,0.084
2009,subsidies,bnk,0.221
2005,subsidies,bnk,0.058
2006,subsidies,bnk,0.037
2012,subsidies,bnk,0.877
2014,subsidies,bnk,0.8140000000000001
2013,subsidies,bnk,0.655
1999,subsidies,bnk,0.074
2002,subsidies,bnk,0.121
2017,subsidies,bnk,0.546
2016,subsidies,bnk,0.616
2015,subsidies,bnk,0.546
1998,subsidies,bnk,0.047
2004,subsidies,bnk,0.037
2000,subsidies,bnk,0.079
1997,subsidies,bnk,0.037
2007,subsidies,bnk,0.045
2010,subsidies,bnk,0.605
2003,subsidies,bnk,0.051000000000000004
2011,subsidies,bnk,0.652
2001,subsidies,bnk,0.1
2008,taxes,ore,0.882
2009,taxes,ore,0.838
2005,taxes,ore,0.7030000000000001
2006,taxes,ore,0.777
2012,taxes,ore,0.9400000000000001
2014,taxes,ore,1.082
2013,taxes,ore,1.0190000000000001
1999,taxes,ore,0.482
2002,taxes,ore,0.538
2017,taxes,ore,1.258
2016,taxes,ore,1.201
2015,taxes,ore,1.129
1998,taxes,ore,0.457
2004,taxes,ore,0.647
2000,taxes,ore,0.51
1997,taxes,ore,0.41200000000000003
2007,taxes,ore,0.86
2010,taxes,ore,0.882
2003,taxes,ore,0.594
2011,taxes,ore,0.901
2001,taxes,ore,0.523
2008,subsidies,ore,1.8960000000000001
2009,subsidies,ore,1.816
2005,subsidies,ore,3.482
2006,subsidies,ore,2.299
2012,subsidies,ore,1.8760000000000001
2014,subsidies,ore,2.3040000000000003
2013,subsidies,ore,2.09
1999,subsidies,ore,2.936
2002,subsidies,ore,1.651
2017,subsidies,ore,1.7730000000000001
2016,subsidies,ore,1.823
2015,subsidies,ore,1.879
1998,subsidies,ore,1.85
2004,subsidies,ore,1.9020000000000001
2000,subsidies,ore,3.262
1997,subsidies,ore,1.139
2007,subsidies,ore,1.283
2010,subsidies,ore,1.875
2003,subsidies,ore,2.356
2011,subsidies,ore,1.596
2001,subsidies,ore,2.444
2008,taxes,edu,0.584
2009,taxes,edu,0.606
2005,taxes,edu,0.461
2006,taxes,edu,0.491
2012,taxes,edu,0.737
2014,taxes,edu,0.804
2013,taxes,edu,0.769
1999,taxes,edu,0.41400000000000003
2002,taxes,edu,0.382
2017,taxes,edu,0.871
2016,taxes,edu,0.862
2015,taxes,edu,0.833
1998,taxes,edu,0.39
2004,taxes,edu,0.437
2000,taxes,edu,0.437
1997,taxes,edu,0.369
2007,taxes,edu,0.54
2010,taxes,edu,0.664
2003,taxes,edu,0.40900000000000003
2011,taxes,edu,0.712
2001,taxes,edu,0.362
2008,subsidies,edu,-0.0
2009,subsidies,edu,-0.0
2005,subsidies,edu,-0.0
2006,subsidies,edu,-0.0
2012,subsidies,edu,-0.0
2014,subsidies,edu,-0.0
2013,subsidies,edu,-0.0
1999,subsidies,edu,-0.0
2002,subsidies,edu,-0.0
2017,subsidies,edu,-0.0
2016,subsidies,edu,-0.0
2015,subsidies,edu,-0.0
1998,subsidies,edu,-0.0
2004,subsidies,edu,-0.0
2000,subsidies,edu,-0.0
1997,subsidies,edu,-0.0
2007,subsidies,edu,-0.0
2010,subsidies,edu,-0.0
2003,subsidies,edu,-0.0
2011,subsidies,edu,-0.0
2001,subsidies,edu,-0.0
2008,taxes,ote,0.076
2009,taxes,ote,0.069
2005,taxes,ote,0.064
2006,taxes,ote,0.07200000000000001
2012,taxes,ote,0.083
2014,taxes,ote,0.08700000000000001
2013,taxes,ote,0.085
1999,taxes,ote,0.05
2002,taxes,ote,0.047
2017,taxes,ote,0.091
2016,taxes,ote,0.088
2015,taxes,ote,0.091
1998,taxes,ote,0.05
2004,taxes,ote,0.056
2000,taxes,ote,0.048
1997,taxes,ote,0.048
2007,taxes,ote,0.076
2010,taxes,ote,0.07200000000000001
2003,taxes,ote,0.051000000000000004
2011,taxes,ote,0.08
2001,taxes,ote,0.048
2008,subsidies,ote,-0.0
2009,subsidies,ote,-0.0
2005,subsidies,ote,-0.0
2006,subsidies,ote,-0.0
2012,subsidies,ote,-0.0
2014,subsidies,ote,-0.0
2013,subsidies,ote,-0.0
1999,subsidies,ote,-0.0
2002,subsidies,ote,-0.0
2017,subsidies,ote,-0.0
2016,subsidies,ote,-0.0
2015,subsidies,ote,-0.0
1998,subsidies,ote,-0.0
2004,subsidies,ote,-0.0
2000,subsidies,ote,-0.0
1997,subsidies,ote,-0.0
2007,subsidies,ote,-0.0
2010,subsidies,ote,-0.0
2003,subsidies,ote,-0.0
2011,subsidies,ote,-0.0
2001,subsidies,ote,-0.0
2008,taxes,man,0.931
2009,taxes,man,0.867
2005,taxes,man,0.753
2006,taxes,man,0.777
2012,taxes,man,1.215
2014,taxes,man,1.35
2013,taxes,man,1.226
1999,taxes,man,0.464
2002,taxes,man,0.52
2017,taxes,man,1.499
2016,taxes,man,1.446
2015,taxes,man,1.451
1998,taxes,man,0.443
2004,taxes,man,0.653
2000,taxes,man,0.47700000000000004
1997,taxes,man,0.394
2007,taxes,man,0.866
2010,taxes,man,0.977
2003,taxes,man,0.5730000000000001
2011,taxes,man,1.097
2001,taxes,man,0.518
2008,subsidies,man,-0.0
2009,subsidies,man,-0.0
2005,subsidies,man,-0.0
2006,subsidies,man,-0.0
2012,subsidies,man,-0.0
2014,subsidies,man,-0.0
2013,subsidies,man,-0.0
1999,subsidies,man,-0.0
2002,subsidies,man,-0.0
2017,subsidies,man,-0.0
2016,subsidies,man,-0.0
2015,subsidies,man,-0.0
1998,subsidies,man,-0.0
2004,subsidies,man,-0.0
2000,subsidies,man,-0.0
1997,subsidies,man,-0.0
2007,subsidies,man,-0.0
2010,subsidies,man,-0.0
2003,subsidies,man,-0.0
2011,subsidies,man,-0.0
2001,subsidies,man,-0.0
2008,taxes,mch,0.181
2009,taxes,mch,0.154
2005,taxes,mch,0.147
2006,taxes,mch,0.164
2012,taxes,mch,0.213
2014,taxes,mch,0.231
2013,taxes,mch,0.216
1999,taxes,mch,0.125
2002,taxes,mch,0.12
2017,taxes,mch,0.224
2016,taxes,mch,0.217
2015,taxes,mch,0.232
1998,taxes,mch,0.125
2004,taxes,mch,0.13
2000,taxes,mch,0.131
1997,taxes,mch,0.125
2007,taxes,mch,0.176
2010,taxes,mch,0.166
2003,taxes,mch,0.12
2011,taxes,mch,0.198
2001,taxes,mch,0.131
2008,subsidies,mch,-0.0
2009,subsidies,mch,-0.0
2005,subsidies,mch,-0.0
2006,subsidies,mch,-0.0
2012,subsidies,mch,-0.0
2014,subsidies,mch,-0.0
2013,subsidies,mch,-0.0
1999,subsidies,mch,-0.0
2002,subsidies,mch,-0.0
2017,subsidies,mch,-0.0
2016,subsidies,mch,-0.0
2015,subsidies,mch,-0.0
1998,subsidies,mch,-0.0
2004,subsidies,mch,-0.0
2000,subsidies,mch,-0.0
1997,subsidies,mch,-0.0
2007,subsidies,mch,-0.0
2010,subsidies,mch,-0.0
2003,subsidies,mch,-0.0
2011,subsidies,mch,-0.0
2001,subsidies,mch,-0.0
2008,taxes,dat,0.685
2009,taxes,dat,0.676
2005,taxes,dat,0.713
2006,taxes,dat,0.754
2012,taxes,dat,0.836
2014,taxes,dat,1.032
2013,taxes,dat,0.927
1999,taxes,dat,0.5
2002,taxes,dat,0.616
2017,taxes,dat,1.326
2016,taxes,dat,1.188
2015,taxes,dat,1.143
1998,taxes,dat,0.421
2004,taxes,dat,0.672
2000,taxes,dat,0.608
1997,taxes,dat,0.382
2007,taxes,dat,0.801
2010,taxes,dat,0.6960000000000001
2003,taxes,dat,0.63
2011,taxes,dat,0.784
2001,taxes,dat,0.636
2008,subsidies,dat,-0.0
2009,subsidies,dat,-0.0
2005,subsidies,dat,-0.0
2006,subsidies,dat,-0.0
2012,subsidies,dat,-0.0
2014,subsidies,dat,-0.0
2013,subsidies,dat,-0.0
1999,subsidies,dat,-0.0
2002,subsidies,dat,-0.0
2017,subsidies,dat,-0.0
2016,subsidies,dat,-0.0
2015,subsidies,dat,-0.0
1998,subsidies,dat,-0.0
2004,subsidies,dat,-0.0
2000,subsidies,dat,-0.0
1997,subsidies,dat,-0.0
2007,subsidies,dat,-0.0
2010,subsidies,dat,-0.0
2003,subsidies,dat,-0.0
2011,subsidies,dat,-0.0
2001,subsidies,dat,-0.0
2008,taxes,amd,15.519
2009,taxes,amd,14.509
2005,taxes,amd,12.731
2006,taxes,amd,13.889000000000001
2012,taxes,amd,18.286
2014,taxes,amd,20.394000000000002
2013,taxes,amd,19.553
1999,taxes,amd,9.526
2002,taxes,amd,9.869
2017,taxes,amd,24.253
2016,taxes,amd,22.993000000000002
2015,taxes,amd,21.359
1998,taxes,amd,8.823
2004,taxes,amd,11.201
2000,taxes,amd,10.264
1997,taxes,amd,8.264
2007,taxes,amd,15.187000000000001
2010,taxes,amd,15.774000000000001
2003,taxes,amd,10.649000000000001
2011,taxes,amd,16.945
2001,taxes,amd,9.927
2008,subsidies,amd,-0.0
2009,subsidies,amd,-0.0
2005,subsidies,amd,-0.0
2006,subsidies,amd,-0.0
2012,subsidies,amd,-0.0
2014,subsidies,amd,-0.0
2013,subsidies,amd,-0.0
1999,subsidies,amd,-0.0
2002,subsidies,amd,-0.0
2017,subsidies,amd,-0.0
2016,subsidies,amd,-0.0
2015,subsidies,amd,-0.0
1998,subsidies,amd,-0.0
2004,subsidies,amd,-0.0
2000,subsidies,amd,-0.0
1997,subsidies,amd,-0.0
2007,subsidies,amd,-0.0
2010,subsidies,amd,-0.0
2003,subsidies,amd,-0.0
2011,subsidies,amd,-0.0
2001,subsidies,amd,-0.0
2008,taxes,oil,18.666
2009,taxes,oil,7.338
2005,taxes,oil,7.569
2006,taxes,oil,8.93
2012,taxes,oil,14.032
2014,taxes,oil,14.097
2013,taxes,oil,15.046000000000001
1999,taxes,oil,2.817
2002,taxes,oil,3.458
2017,taxes,oil,8.471
2016,taxes,oil,6.292
2015,taxes,oil,8.153
1998,taxes,oil,2.978
2004,taxes,oil,5.912
2000,taxes,oil,4.466
1997,taxes,oil,3.973
2007,taxes,oil,10.907
2010,taxes,oil,9.429
2003,taxes,oil,4.72
2011,taxes,oil,13.309000000000001
2001,taxes,oil,4.634
2008,subsidies,oil,-0.0
2009,subsidies,oil,-0.0
2005,subsidies,oil,-0.0
2006,subsidies,oil,-0.0
2012,subsidies,oil,-0.0
2014,subsidies,oil,-0.0
2013,subsidies,oil,-0.0
1999,subsidies,oil,-0.0
2002,subsidies,oil,-0.0
2017,subsidies,oil,-0.0
2016,subsidies,oil,-0.0
2015,subsidies,oil,-0.0
1998,subsidies,oil,-0.0
2004,subsidies,oil,-0.0
2000,subsidies,oil,-0.0
1997,subsidies,oil,-0.0
2007,subsidies,oil,-0.0
2010,subsidies,oil,-0.0
2003,subsidies,oil,-0.0
2011,subsidies,oil,-0.0
2001,subsidies,oil,-0.0
2008,taxes,hos,1.448
2009,taxes,hos,1.312
2005,taxes,hos,1.185
2006,taxes,hos,1.281
2012,taxes,hos,1.978
2014,taxes,hos,2.15
2013,taxes,hos,2.112
1999,taxes,hos,1.2
2002,taxes,hos,0.787
2017,taxes,hos,2.629
2016,taxes,hos,2.453
2015,taxes,hos,2.286
1998,taxes,hos,1.162
2004,taxes,hos,0.854
2000,taxes,hos,1.214
1997,taxes,hos,1.099
2007,taxes,hos,1.425
2010,taxes,hos,1.561
2003,taxes,hos,0.881
2011,taxes,hos,1.6320000000000001
2001,taxes,hos,0.716
2008,subsidies,hos,-0.0
2009,subsidies,hos,-0.0
2005,subsidies,hos,-0.0
2006,subsidies,hos,-0.0
2012,subsidies,hos,2.722
2014,subsidies,hos,3.128
2013,subsidies,hos,3.376
1999,subsidies,hos,-0.0
2002,subsidies,hos,-0.0
2017,subsidies,hos,0.375
2016,subsidies,hos,1.084
2015,subsidies,hos,1.847
1998,subsidies,hos,-0.0
2004,subsidies,hos,-0.0
2000,subsidies,hos,-0.0
1997,subsidies,hos,-0.0
2007,subsidies,hos,-0.0
2010,subsidies,hos,0.578
2003,subsidies,hos,-0.0
2011,subsidies,hos,4.648
2001,subsidies,hos,-0.0
2008,taxes,rnt,8.43
2009,taxes,rnt,7.469
2005,taxes,rnt,6.978
2006,taxes,rnt,7.7700000000000005
2012,taxes,rnt,9.66
2014,taxes,rnt,11.037
2013,taxes,rnt,10.248
1999,taxes,rnt,5.293
2002,taxes,rnt,5.776
2017,taxes,rnt,12.530000000000001
2016,taxes,rnt,11.775
2015,taxes,rnt,11.406
1998,taxes,rnt,4.929
2004,taxes,rnt,6.2250000000000005
2000,taxes,rnt,5.632
1997,taxes,rnt,4.5040000000000004
2007,taxes,rnt,8.321
2010,taxes,rnt,7.922000000000001
2003,taxes,rnt,6.001
2011,taxes,rnt,8.753
2001,taxes,rnt,5.865
2008,subsidies,rnt,-0.0
2009,subsidies,rnt,-0.0
2005,subsidies,rnt,-0.0
2006,subsidies,rnt,-0.0
2012,subsidies,rnt,-0.0
2014,subsidies,rnt,-0.0
2013,subsidies,rnt,-0.0
1999,subsidies,rnt,-0.0
2002,subsidies,rnt,-0.0
2017,subsidies,rnt,-0.0
2016,subsidies,rnt,-0.0
2015,subsidies,rnt,-0.0
1998,subsidies,rnt,-0.0
2004,subsidies,rnt,-0.0
2000,subsidies,rnt,-0.0
1997,subsidies,rnt,-0.0
2007,subsidies,rnt,-0.0
2010,subsidies,rnt,-0.0
2003,subsidies,rnt,-0.0
2011,subsidies,rnt,-0.0
2001,subsidies,rnt,-0.0
2008,taxes,pla,0.309
2009,taxes,pla,-0.033
2005,taxes,pla,0.114
2006,taxes,pla,0.20500000000000002
2012,taxes,pla,0.153
2014,taxes,pla,0.40900000000000003
2013,taxes,pla,0.467
1999,taxes,pla,0.318
2002,taxes,pla,0.184
2017,taxes,pla,0.273
2016,taxes,pla,0.241
2015,taxes,pla,0.38
1998,taxes,pla,0.24
2004,taxes,pla,0.272
2000,taxes,pla,0.263
1997,taxes,pla,0.292
2007,taxes,pla,0.053
2010,taxes,pla,0.012
2003,taxes,pla,0.21
2011,taxes,pla,0.363
2001,taxes,pla,0.178
2008,subsidies,pla,-0.0
2009,subsidies,pla,-0.0
2005,subsidies,pla,-0.0
2006,subsidies,pla,-0.0
2012,subsidies,pla,-0.0
2014,subsidies,pla,-0.0
2013,subsidies,pla,-0.0
1999,subsidies,pla,-0.0
2002,subsidies,pla,-0.0
2017,subsidies,pla,-0.0
2016,subsidies,pla,-0.0
2015,subsidies,pla,-0.0
1998,subsidies,pla,-0.0
2004,subsidies,pla,-0.0
2000,subsidies,pla,-0.0
1997,subsidies,pla,-0.0
2007,subsidies,pla,-0.0
2010,subsidies,pla,-0.0
2003,subsidies,pla,-0.0
2011,subsidies,pla,-0.0
2001,subsidies,pla,-0.0
2008,taxes,fof,0.783
2009,taxes,fof,0.38
2005,taxes,fof,0.34900000000000003
2006,taxes,fof,0.38
2012,taxes,fof,0.636
2014,taxes,fof,0.669
2013,taxes,fof,0.686
1999,taxes,fof,0.301
2002,taxes,fof,0.262
2017,taxes,fof,0.495
2016,taxes,fof,0.41200000000000003
2015,taxes,fof,0.47000000000000003
1998,taxes,fof,0.264
2004,taxes,fof,0.28400000000000003
2000,taxes,fof,0.323
1997,taxes,fof,0.319
2007,taxes,fof,0.507
2010,taxes,fof,0.526
2003,taxes,fof,0.332
2011,taxes,fof,0.6960000000000001
2001,taxes,fof,0.319
2008,subsidies,fof,-0.0
2009,subsidies,fof,-0.0
2005,subsidies,fof,-0.0
2006,subsidies,fof,-0.0
2012,subsidies,fof,-0.0
2014,subsidies,fof,-0.0
2013,subsidies,fof,-0.0
1999,subsidies,fof,-0.0
2002,subsidies,fof,-0.0
2017,subsidies,fof,-0.0
2016,subsidies,fof,-0.0
2015,subsidies,fof,-0.0
1998,subsidies,fof,-0.0
2004,subsidies,fof,-0.0
2000,subsidies,fof,-0.0
1997,subsidies,fof,-0.0
2007,subsidies,fof,-0.0
2010,subsidies,fof,-0.0
2003,subsidies,fof,-0.0
2011,subsidies,fof,-0.0
2001,subsidies,fof,-0.0
2008,taxes,fin,0.0
2009,taxes,fin,0.0
2005,taxes,fin,0.0
2006,taxes,fin,0.0
2012,taxes,fin,0.0
2014,taxes,fin,0.069
2013,taxes,fin,0.0
1999,taxes,fin,0.0
2002,taxes,fin,0.0
2017,taxes,fin,0.166
2016,taxes,fin,0.134
2015,taxes,fin,0.073
1998,taxes,fin,0.0
2004,taxes,fin,0.0
2000,taxes,fin,0.0
1997,taxes,fin,0.0
2007,taxes,fin,0.0
2010,taxes,fin,0.0
2003,taxes,fin,0.0
2011,taxes,fin,0.0
2001,taxes,fin,0.0
2008,subsidies,fin,-0.0
2009,subsidies,fin,-0.0
2005,subsidies,fin,-0.0
2006,subsidies,fin,-0.0
2012,subsidies,fin,-0.0
2014,subsidies,fin,-0.0
2013,subsidies,fin,-0.0
1999,subsidies,fin,-0.0
2002,subsidies,fin,-0.0
2017,subsidies,fin,-0.0
2016,subsidies,fin,-0.0
2015,subsidies,fin,-0.0
1998,subsidies,fin,-0.0
2004,subsidies,fin,-0.0
2000,subsidies,fin,-0.0
1997,subsidies,fin,-0.0
2007,subsidies,fin,-0.0
2010,subsidies,fin,-0.0
2003,subsidies,fin,-0.0
2011,subsidies,fin,-0.0
2001,subsidies,fin,-0.0
2008,taxes,tsv,3.611
2009,taxes,tsv,3.3930000000000002
2005,taxes,tsv,2.741
2006,taxes,tsv,3.035
2012,taxes,tsv,4.184
2014,taxes,tsv,4.875
2013,taxes,tsv,4.614
1999,taxes,tsv,2.336
2002,taxes,tsv,2.253
2017,taxes,tsv,5.45
2016,taxes,tsv,5.279
2015,taxes,tsv,5.109
1998,taxes,tsv,2.192
2004,taxes,tsv,2.54
2000,taxes,tsv,2.302
1997,taxes,tsv,2.0460000000000003
2007,taxes,tsv,3.357
2010,taxes,tsv,3.596
2003,taxes,tsv,2.329
2011,taxes,tsv,3.878
2001,taxes,tsv,2.297
2008,subsidies,tsv,-0.0
2009,subsidies,tsv,-0.0
2005,subsidies,tsv,-0.0
2006,subsidies,tsv,-0.0
2012,subsidies,tsv,-0.0
2014,subsidies,tsv,-0.0
2013,subsidies,tsv,-0.0
1999,subsidies,tsv,-0.0
2002,subsidies,tsv,-0.0
2017,subsidies,tsv,-0.0
2016,subsidies,tsv,-0.0
2015,subsidies,tsv,-0.0
1998,subsidies,tsv,-0.0
2004,subsidies,tsv,-0.0
2000,subsidies,tsv,-0.0
1997,subsidies,tsv,-0.0
2007,subsidies,tsv,-0.0
2010,subsidies,tsv,-0.0
2003,subsidies,tsv,-0.0
2011,subsidies,tsv,-0.0
2001,subsidies,tsv,-0.0
2008,taxes,nrs,1.5150000000000001
2009,taxes,nrs,1.3820000000000001
2005,taxes,nrs,1.16
2006,taxes,nrs,1.27
2012,taxes,nrs,2.244
2014,taxes,nrs,2.441
2013,taxes,nrs,2.398
1999,taxes,nrs,0.8180000000000001
2002,taxes,nrs,0.711
2017,taxes,nrs,2.988
2016,taxes,nrs,2.785
2015,taxes,nrs,2.593
1998,taxes,nrs,0.791
2004,taxes,nrs,0.774
2000,taxes,nrs,0.811
1997,taxes,nrs,0.734
2007,taxes,nrs,1.432
2010,taxes,nrs,1.713
2003,taxes,nrs,0.8160000000000001
2011,taxes,nrs,1.827
2001,taxes,nrs,0.653
2008,subsidies,nrs,-0.0
2009,subsidies,nrs,-0.0
2005,subsidies,nrs,-0.0
2006,subsidies,nrs,-0.0
2012,subsidies,nrs,-0.0
2014,subsidies,nrs,-0.0
2013,subsidies,nrs,-0.0
1999,subsidies,nrs,-0.0
2002,subsidies,nrs,-0.0
2017,subsidies,nrs,-0.0
2016,subsidies,nrs,-0.0
2015,subsidies,nrs,-0.0
1998,subsidies,nrs,-0.0
2004,subsidies,nrs,-0.0
2000,subsidies,nrs,-0.0
1997,subsidies,nrs,-0.0
2007,subsidies,nrs,-0.0
2010,subsidies,nrs,-0.0
2003,subsidies,nrs,-0.0
2011,subsidies,nrs,-0.0
2001,subsidies,nrs,-0.0
2008,taxes,sec,0.9440000000000001
2009,taxes,sec,0.726
2005,taxes,sec,1.111
2006,taxes,sec,1.09
2012,taxes,sec,0.981
2014,taxes,sec,1.133
2013,taxes,sec,1.054
1999,taxes,sec,0.553
2002,taxes,sec,0.555
2017,taxes,sec,1.28
2016,taxes,sec,1.21
2015,taxes,sec,1.181
1998,taxes,sec,0.506
2004,taxes,sec,0.644
2000,taxes,sec,0.648
1997,taxes,sec,0.361
2007,taxes,sec,1.086
2010,taxes,sec,0.86
2003,taxes,sec,0.633
2011,taxes,sec,0.926
2001,taxes,sec,0.5720000000000001
2008,subsidies,sec,-0.0
2009,subsidies,sec,-0.0
2005,subsidies,sec,-0.0
2006,subsidies,sec,-0.0
2012,subsidies,sec,-0.0
2014,subsidies,sec,-0.0
2013,subsidies,sec,-0.0
1999,subsidies,sec,-0.0
2002,subsidies,sec,-0.0
2017,subsidies,sec,-0.0
2016,subsidies,sec,-0.0
2015,subsidies,sec,-0.0
1998,subsidies,sec,-0.0
2004,subsidies,sec,-0.0
2000,subsidies,sec,-0.0
1997,subsidies,sec,-0.0
2007,subsidies,sec,-0.0
2010,subsidies,sec,-0.0
2003,subsidies,sec,-0.0
2011,subsidies,sec,-0.0
2001,subsidies,sec,-0.0
2008,taxes,art,5.045
2009,taxes,art,4.8790000000000004
2005,taxes,art,4.071
2006,taxes,art,4.39
2012,taxes,art,5.338
2014,taxes,art,5.617
2013,taxes,art,5.473
1999,taxes,art,2.745
2002,taxes,art,3.122
2017,taxes,art,6.227
2016,taxes,art,5.994
2015,taxes,art,5.806
1998,taxes,art,2.3890000000000002
2004,taxes,art,3.825
2000,taxes,art,2.802
1997,taxes,art,1.989
2007,taxes,art,4.907
2010,taxes,art,4.9590000000000005
2003,taxes,art,3.371
2011,taxes,art,5.119
2001,taxes,art,2.97
2008,subsidies,art,-0.0
2009,subsidies,art,-0.0
2005,subsidies,art,-0.0
2006,subsidies,art,-0.0
2012,subsidies,art,-0.0
2014,subsidies,art,-0.0
2013,subsidies,art,-0.0
1999,subsidies,art,-0.0
2002,subsidies,art,-0.0
2017,subsidies,art,-0.0
2016,subsidies,art,-0.0
2015,subsidies,art,-0.0
1998,subsidies,art,-0.0
2004,subsidies,art,-0.0
2000,subsidies,art,-0.0
1997,subsidies,art,-0.0
2007,subsidies,art,-0.0
2010,subsidies,art,-0.0
2003,subsidies,art,-0.0
2011,subsidies,art,-0.0
2001,subsidies,art,-0.0
2008,taxes,mov,2.548
2009,taxes,mov,2.531
2005,taxes,mov,2.092
2006,taxes,mov,2.269
2012,taxes,mov,2.875
2014,taxes,mov,3.092
2013,taxes,mov,2.989
1999,taxes,mov,1.448
2002,taxes,mov,1.645
2017,taxes,mov,3.3040000000000003
2016,taxes,mov,3.235
2015,taxes,mov,3.173
1998,taxes,mov,1.2690000000000001
2004,taxes,mov,1.98
2000,taxes,mov,1.5090000000000001
1997,taxes,mov,1.047
2007,taxes,mov,2.533
2010,taxes,mov,2.598
2003,taxes,mov,1.764
2011,taxes,mov,2.718
2001,taxes,mov,1.582
2008,subsidies,mov,-0.0
2009,subsidies,mov,-0.0
2005,subsidies,mov,-0.0
2006,subsidies,mov,-0.0
2012,subsidies,mov,-0.0
2014,subsidies,mov,-0.0
2013,subsidies,mov,-0.0
1999,subsidies,mov,-0.0
2002,subsidies,mov,-0.0
2017,subsidies,mov,-0.0
2016,subsidies,mov,-0.0
2015,subsidies,mov,-0.0
1998,subsidies,mov,-0.0
2004,subsidies,mov,-0.0
2000,subsidies,mov,-0.0
1997,subsidies,mov,-0.0
2007,subsidies,mov,-0.0
2010,subsidies,mov,-0.0
2003,subsidies,mov,-0.0
2011,subsidies,mov,-0.0
2001,subsidies,mov,-0.0
2008,taxes,fpd,0.036000000000000004
2009,taxes,fpd,0.028
2005,taxes,fpd,0.039
2006,taxes,fpd,0.042
2012,taxes,fpd,0.031
2014,taxes,fpd,0.035
2013,taxes,fpd,0.033
1999,taxes,fpd,0.029
2002,taxes,fpd,0.029
2017,taxes,fpd,0.039
2016,taxes,fpd,0.039
2015,taxes,fpd,0.036000000000000004
1998,taxes,fpd,0.027
2004,taxes,fpd,0.034
2000,taxes,fpd,0.03
1997,taxes,fpd,0.025
2007,taxes,fpd,0.039
2010,taxes,fpd,0.029
2003,taxes,fpd,0.03
2011,taxes,fpd,0.03
2001,taxes,fpd,0.03
2008,subsidies,fpd,-0.0
2009,subsidies,fpd,-0.0
2005,subsidies,fpd,-0.0
2006,subsidies,fpd,-0.0
2012,subsidies,fpd,-0.0
2014,subsidies,fpd,-0.0
2013,subsidies,fpd,-0.0
1999,subsidies,fpd,-0.0
2002,subsidies,fpd,-0.0
2017,subsidies,fpd,-0.0
2016,subsidies,fpd,-0.0
2015,subsidies,fpd,-0.0
1998,subsidies,fpd,-0.0
2004,subsidies,fpd,-0.0
2000,subsidies,fpd,-0.0
1997,subsidies,fpd,-0.0
2007,subsidies,fpd,-0.0
2010,subsidies,fpd,-0.0
2003,subsidies,fpd,-0.0
2011,subsidies,fpd,-0.0
2001,subsidies,fpd,-0.0
2008,taxes,slg,0.0
2009,taxes,slg,0.0
2005,taxes,slg,0.0
2006,taxes,slg,0.0
2012,taxes,slg,0.0
2014,taxes,slg,0.0
2013,taxes,slg,0.0
1999,taxes,slg,0.0
2002,taxes,slg,0.0
2017,taxes,slg,0.0
2016,taxes,slg,0.0
2015,taxes,slg,0.0
1998,taxes,slg,0.0
2004,taxes,slg,0.0
2000,taxes,slg,0.0
1997,taxes,slg,0.0
2007,taxes,slg,0.0
2010,taxes,slg,0.0
2003,taxes,slg,0.0
2011,taxes,slg,0.0
2001,taxes,slg,0.0
2008,subsidies,slg,-0.0
2009,subsidies,slg,-0.0
2005,subsidies,slg,-0.0
2006,subsidies,slg,-0.0
2012,subsidies,slg,-0.0
2014,subsidies,slg,-0.0
2013,subsidies,slg,-0.0
1999,subsidies,slg,-0.0
2002,subsidies,slg,-0.0
2017,subsidies,slg,-0.0
2016,subsidies,slg,-0.0
2015,subsidies,slg,-0.0
1998,subsidies,slg,-0.0
2004,subsidies,slg,-0.0
2000,subsidies,slg,-0.0
1997,subsidies,slg,-0.0
2007,subsidies,slg,-0.0
2010,subsidies,slg,-0.0
2003,subsidies,slg,-0.0
2011,subsidies,slg,-0.0
2001,subsidies,slg,-0.0
2008,taxes,pri,0.059000000000000004
2009,taxes,pri,0.051000000000000004
2005,taxes,pri,0.058
2006,taxes,pri,0.06
2012,taxes,pri,0.049
2014,taxes,pri,0.051000000000000004
2013,taxes,pri,0.05
1999,taxes,pri,0.058
2002,taxes,pri,0.054
2017,taxes,pri,0.051000000000000004
2016,taxes,pri,0.052000000000000005
2015,taxes,pri,0.052000000000000005
1998,taxes,pri,0.058
2004,taxes,pri,0.056
2000,taxes,pri,0.059000000000000004
1997,taxes,pri,0.057
2007,taxes,pri,0.06
2010,taxes,pri,0.051000000000000004
2003,taxes,pri,0.054
2011,taxes,pri,0.049
2001,taxes,pri,0.058
2008,subsidies,pri,-0.0
2009,subsidies,pri,-0.0
2005,subsidies,pri,-0.0
2006,subsidies,pri,-0.0
2012,subsidies,pri,-0.0
2014,subsidies,pri,-0.0
2013,subsidies,pri,-0.0
1999,subsidies,pri,-0.0
2002,subsidies,pri,-0.0
2017,subsidies,pri,-0.0
2016,subsidies,pri,-0.0
2015,subsidies,pri,-0.0
1998,subsidies,pri,-0.0
2004,subsidies,pri,-0.0
2000,subsidies,pri,-0.0
1997,subsidies,pri,-0.0
2007,subsidies,pri,-0.0
2010,subsidies,pri,-0.0
2003,subsidies,pri,-0.0
2011,subsidies,pri,-0.0
2001,subsidies,pri,-0.0
2008,taxes,grd,0.23700000000000002
2009,taxes,grd,0.614
2005,taxes,grd,0.195
2006,taxes,grd,0.224
2012,taxes,grd,0.767
2014,taxes,grd,0.842
2013,taxes,grd,0.8260000000000001
1999,taxes,grd,0.135
2002,taxes,grd,0.153
2017,taxes,grd,1.031
2016,taxes,grd,0.965
2015,taxes,grd,0.895
1998,taxes,grd,0.128
2004,taxes,grd,0.157
2000,taxes,grd,0.137
1997,taxes,grd,0.122
2007,taxes,grd,0.234
2010,taxes,grd,0.744
2003,taxes,grd,0.161
2011,taxes,grd,0.687
2001,taxes,grd,0.155
2008,subsidies,grd,-0.0
2009,subsidies,grd,-0.0
2005,subsidies,grd,-0.0
2006,subsidies,grd,-0.0
2012,subsidies,grd,-0.0
2014,subsidies,grd,-0.0
2013,subsidies,grd,-0.0
1999,subsidies,grd,-0.0
2002,subsidies,grd,-0.0
2017,subsidies,grd,-0.0
2016,subsidies,grd,-0.0
2015,subsidies,grd,-0.0
1998,subsidies,grd,-0.0
2004,subsidies,grd,-0.0
2000,subsidies,grd,-0.0
1997,subsidies,grd,-0.0
2007,subsidies,grd,-0.0
2010,subsidies,grd,-0.0
2003,subsidies,grd,-0.0
2011,subsidies,grd,-0.0
2001,subsidies,grd,-0.0
2008,taxes,pip,0.042
2009,taxes,pip,0.044
2005,taxes,pip,0.028
2006,taxes,pip,0.034
2012,taxes,pip,0.065
2014,taxes,pip,0.067
2013,taxes,pip,0.058
1999,taxes,pip,0.032
2002,taxes,pip,0.033
2017,taxes,pip,0.076
2016,taxes,pip,0.073
2015,taxes,pip,0.073
1998,taxes,pip,0.029
2004,taxes,pip,0.027
2000,taxes,pip,0.038
1997,taxes,pip,0.031
2007,taxes,pip,0.04
2010,taxes,pip,0.043000000000000003
2003,taxes,pip,0.03
2011,taxes,pip,0.053
2001,taxes,pip,0.061
2008,subsidies,pip,-0.0
2009,subsidies,pip,-0.0
2005,subsidies,pip,-0.0
2006,subsidies,pip,-0.0
2012,subsidies,pip,-0.0
2014,subsidies,pip,-0.0
2013,subsidies,pip,-0.0
1999,subsidies,pip,-0.0
2002,subsidies,pip,-0.0
2017,subsidies,pip,-0.0
2016,subsidies,pip,-0.0
2015,subsidies,pip,-0.0
1998,subsidies,pip,-0.0
2004,subsidies,pip,-0.0
2000,subsidies,pip,-0.0
1997,subsidies,pip,-0.0
2007,subsidies,pip,-0.0
2010,subsidies,pip,-0.0
2003,subsidies,pip,-0.0
2011,subsidies,pip,-0.0
2001,subsidies,pip,-0.0
2008,taxes,sle,0.467
2009,taxes,sle,0.47700000000000004
2005,taxes,sle,0.40700000000000003
2006,taxes,sle,0.432
2012,taxes,sle,0.526
2014,taxes,sle,0.544
2013,taxes,sle,0.534
1999,taxes,sle,0.264
2002,taxes,sle,0.33
2017,taxes,sle,0.5670000000000001
2016,taxes,sle,0.562
2015,taxes,sle,0.558
1998,taxes,sle,0.25
2004,taxes,sle,0.377
2000,taxes,sle,0.289
1997,taxes,sle,0.248
2007,taxes,sle,0.458
2010,taxes,sle,0.501
2003,taxes,sle,0.35000000000000003
2011,taxes,sle,0.522
2001,taxes,sle,0.323
2008,subsidies,sle,16.482
2009,subsidies,sle,18.138
2005,subsidies,sle,15.061
2006,subsidies,sle,15.530000000000001
2012,subsidies,sle,17.92
2014,subsidies,sle,18.453
2013,subsidies,sle,17.954
1999,subsidies,sle,11.328
2002,subsidies,sle,13.237
2017,subsidies,sle,19.471
2016,subsidies,sle,20.408
2015,subsidies,sle,19.022000000000002
1998,subsidies,sle,11.218
2004,subsidies,sle,14.8
2000,subsidies,sle,10.601
1997,subsidies,sle,13.138
2007,subsidies,sle,16.099
2010,subsidies,sle,17.962
2003,subsidies,sle,14.037
2011,subsidies,sle,18.665
2001,subsidies,sle,11.202
2008,taxes,osv,8.949
2009,taxes,osv,8.452
2005,taxes,osv,7.841
2006,taxes,osv,8.456
2012,taxes,osv,10.166
2014,taxes,osv,11.586
2013,taxes,osv,10.966000000000001
1999,taxes,osv,6.34
2002,taxes,osv,6.671
2017,taxes,osv,13.042
2016,taxes,osv,12.506
2015,taxes,osv,12.095
1998,taxes,osv,5.9270000000000005
2004,taxes,osv,7.304
2000,taxes,osv,6.573
1997,taxes,osv,5.634
2007,taxes,osv,8.759
2010,taxes,osv,8.809000000000001
2003,taxes,osv,6.793
2011,taxes,osv,9.551
2001,taxes,osv,6.731
2008,subsidies,osv,-0.0
2009,subsidies,osv,-0.0
2005,subsidies,osv,-0.0
2006,subsidies,osv,-0.0
2012,subsidies,osv,-0.0
2014,subsidies,osv,-0.0
2013,subsidies,osv,-0.0
1999,subsidies,osv,-0.0
2002,subsidies,osv,-0.0
2017,subsidies,osv,-0.0
2016,subsidies,osv,-0.0
2015,subsidies,osv,-0.0
1998,subsidies,osv,-0.0
2004,subsidies,osv,-0.0
2000,subsidies,osv,-0.0
1997,subsidies,osv,-0.0
2007,subsidies,osv,-0.0
2010,subsidies,osv,-0.0
2003,subsidies,osv,-0.0
2011,subsidies,osv,-0.0
2001,subsidies,osv,-0.0
2008,taxes,trn,0.6980000000000001
2009,taxes,trn,0.6940000000000001
2005,taxes,trn,0.389
2006,taxes,trn,0.442
2012,taxes,trn,0.791
2014,taxes,trn,0.798
2013,taxes,trn,0.792
1999,taxes,trn,0.273
2002,taxes,trn,0.342
2017,taxes,trn,0.772
2016,taxes,trn,0.77
2015,taxes,trn,0.79
1998,taxes,trn,0.257
2004,taxes,trn,0.37
2000,taxes,trn,0.259
1997,taxes,trn,0.232
2007,taxes,trn,0.432
2010,taxes,trn,0.739
2003,taxes,trn,0.352
2011,taxes,trn,0.711
2001,taxes,trn,0.335
2008,subsidies,trn,1.799
2009,subsidies,trn,2.2680000000000002
2005,subsidies,trn,1.7530000000000001
2006,subsidies,trn,1.6540000000000001
2012,subsidies,trn,1.848
2014,subsidies,trn,1.778
2013,subsidies,trn,1.865
1999,subsidies,trn,1.027
2002,subsidies,trn,1.5070000000000001
2017,subsidies,trn,2.263
2016,subsidies,trn,1.928
2015,subsidies,trn,1.863
1998,subsidies,trn,0.868
2004,subsidies,trn,1.606
2000,subsidies,trn,1.088
1997,subsidies,trn,1.118
2007,subsidies,trn,1.498
2010,subsidies,trn,2.781
2003,subsidies,trn,1.3960000000000001
2011,subsidies,trn,2.235
2001,subsidies,trn,1.0190000000000001
2008,taxes,smn,0.183
2009,taxes,smn,0.138
2005,taxes,smn,0.08700000000000001
2006,taxes,smn,0.114
2012,taxes,smn,0.297
2014,taxes,smn,0.365
2013,taxes,smn,0.303
1999,taxes,smn,0.041
2002,taxes,smn,0.052000000000000005
2017,taxes,smn,0.23600000000000002
2016,taxes,smn,0.194
2015,taxes,smn,0.289
1998,taxes,smn,0.045
2004,taxes,smn,0.064
2000,taxes,smn,0.047
1997,taxes,smn,0.044
2007,taxes,smn,0.151
2010,taxes,smn,0.158
2003,taxes,smn,0.057
2011,taxes,smn,0.243
2001,taxes,smn,0.054
2008,subsidies,smn,-0.0
2009,subsidies,smn,-0.0
2005,subsidies,smn,-0.0
2006,subsidies,smn,-0.0
2012,subsidies,smn,-0.0
2014,subsidies,smn,-0.0
2013,subsidies,smn,-0.0
1999,subsidies,smn,-0.0
2002,subsidies,smn,-0.0
2017,subsidies,smn,-0.0
2016,subsidies,smn,-0.0
2015,subsidies,smn,-0.0
1998,subsidies,smn,-0.0
2004,subsidies,smn,-0.0
2000,subsidies,smn,-0.0
1997,subsidies,smn,-0.0
2007,subsidies,smn,-0.0
2010,subsidies,smn,-0.0
2003,subsidies,smn,-0.0
2011,subsidies,smn,-0.0
2001,subsidies,smn,-0.0
2008,taxes,fmt,0.366
2009,taxes,fmt,-0.01
2005,taxes,fmt,0.152
2006,taxes,fmt,0.217
2012,taxes,fmt,0.266
2014,taxes,fmt,0.684
2013,taxes,fmt,0.877
1999,taxes,fmt,0.229
2002,taxes,fmt,0.17200000000000001
2017,taxes,fmt,0.441
2016,taxes,fmt,0.396
2015,taxes,fmt,0.5650000000000001
1998,taxes,fmt,0.181
2004,taxes,fmt,0.217
2000,taxes,fmt,0.20500000000000002
1997,taxes,fmt,0.196
2007,taxes,fmt,0.133
2010,taxes,fmt,0.076
2003,taxes,fmt,0.177
2011,taxes,fmt,0.41300000000000003
2001,taxes,fmt,0.17400000000000002
2008,subsidies,fmt,-0.0
2009,subsidies,fmt,-0.0
2005,subsidies,fmt,-0.0
2006,subsidies,fmt,-0.0
2012,subsidies,fmt,-0.0
2014,subsidies,fmt,-0.0
2013,subsidies,fmt,-0.0
1999,subsidies,fmt,-0.0
2002,subsidies,fmt,-0.0
2017,subsidies,fmt,-0.0
2016,subsidies,fmt,-0.0
2015,subsidies,fmt,-0.0
1998,subsidies,fmt,-0.0
2004,subsidies,fmt,-0.0
2000,subsidies,fmt,-0.0
1997,subsidies,fmt,-0.0
2007,subsidies,fmt,-0.0
2010,subsidies,fmt,-0.0
2003,subsidies,fmt,-0.0
2011,subsidies,fmt,-0.0
2001,subsidies,fmt,-0.0
2008,taxes,pet,0.355
2009,taxes,pet,0.198
2005,taxes,pet,0.179
2006,taxes,pet,0.245
2012,taxes,pet,0.379
2014,taxes,pet,0.527
2013,taxes,pet,0.5630000000000001
1999,taxes,pet,0.112
2002,taxes,pet,0.108
2017,taxes,pet,0.501
2016,taxes,pet,0.47000000000000003
2015,taxes,pet,0.538
1998,taxes,pet,0.11
2004,taxes,pet,0.154
2000,taxes,pet,0.127
1997,taxes,pet,0.11800000000000001
2007,taxes,pet,0.222
2010,taxes,pet,0.243
2003,taxes,pet,0.131
2011,taxes,pet,0.446
2001,taxes,pet,0.113
2008,subsidies,pet,-0.0
2009,subsidies,pet,0.025
2005,subsidies,pet,-0.0
2006,subsidies,pet,-0.0
2012,subsidies,pet,0.234
2014,subsidies,pet,0.138
2013,subsidies,pet,0.038
1999,subsidies,pet,-0.0
2002,subsidies,pet,-0.0
2017,subsidies,pet,1.287
2016,subsidies,pet,0.088
2015,subsidies,pet,0.079
1998,subsidies,pet,-0.0
2004,subsidies,pet,-0.0
2000,subsidies,pet,-0.0
1997,subsidies,pet,-0.0
2007,subsidies,pet,-0.0
2010,subsidies,pet,0.132
2003,subsidies,pet,-0.0
2011,subsidies,pet,0.049
2001,subsidies,pet,-0.0
2008,taxes,mvt,29.076
2009,taxes,mvt,25.689
2005,taxes,mvt,31.519000000000002
2006,taxes,mvt,32.671
2012,taxes,mvt,34.244
2014,taxes,mvt,40.25
2013,taxes,mvt,37.558
1999,taxes,mvt,26.104
2002,taxes,mvt,27.318
2017,taxes,mvt,46.300000000000004
2016,taxes,mvt,45.24
2015,taxes,mvt,43.562
1998,taxes,mvt,21.596
2004,taxes,mvt,29.875
2000,taxes,mvt,25.678
1997,taxes,mvt,21.55
2007,taxes,mvt,32.629
2010,taxes,mvt,28.953
2003,taxes,mvt,28.697
2011,taxes,mvt,31.6
2001,taxes,mvt,19.921
2008,subsidies,mvt,-0.0
2009,subsidies,mvt,2.9050000000000002
2005,subsidies,mvt,-0.0
2006,subsidies,mvt,-0.0
2012,subsidies,mvt,-0.0
2014,subsidies,mvt,-0.0
2013,subsidies,mvt,-0.0
1999,subsidies,mvt,-0.0
2002,subsidies,mvt,-0.0
2017,subsidies,mvt,-0.0
2016,subsidies,mvt,-0.0
2015,subsidies,mvt,-0.0
1998,subsidies,mvt,-0.0
2004,subsidies,mvt,-0.0
2000,subsidies,mvt,-0.0
1997,subsidies,mvt,-0.0
2007,subsidies,mvt,-0.0
2010,subsidies,mvt,0.312
2003,subsidies,mvt,-0.0
2011,subsidies,mvt,0.003
2001,subsidies,mvt,-0.0
2008,taxes,cep,0.263
2009,taxes,cep,0.23900000000000002
2005,taxes,cep,0.242
2006,taxes,cep,0.267
2012,taxes,cep,0.303
2014,taxes,cep,0.853
2013,taxes,cep,0.791
1999,taxes,cep,0.248
2002,taxes,cep,0.219
2017,taxes,cep,0.352
2016,taxes,cep,0.339
2015,taxes,cep,0.852
1998,taxes,cep,0.243
2004,taxes,cep,0.225
2000,taxes,cep,0.28600000000000003
1997,taxes,cep,0.217
2007,taxes,cep,0.271
2010,taxes,cep,0.268
2003,taxes,cep,0.213
2011,taxes,cep,0.299
2001,taxes,cep,0.258
2008,subsidies,cep,-0.0
2009,subsidies,cep,-0.0
2005,subsidies,cep,-0.0
2006,subsidies,cep,-0.0
2012,subsidies,cep,-0.0
2014,subsidies,cep,-0.0
2013,subsidies,cep,-0.0
1999,subsidies,cep,-0.0
2002,subsidies,cep,-0.0
2017,subsidies,cep,-0.0
2016,subsidies,cep,-0.0
2015,subsidies,cep,-0.0
1998,subsidies,cep,-0.0
2004,subsidies,cep,-0.0
2000,subsidies,cep,-0.0
1997,subsidies,cep,-0.0
2007,subsidies,cep,-0.0
2010,subsidies,cep,-0.0
2003,subsidies,cep,-0.0
2011,subsidies,cep,-0.0
2001,subsidies,cep,-0.0
2008,taxes,wst,1.068
2009,taxes,wst,1.03
2005,taxes,wst,0.774
2006,taxes,wst,0.857
2012,taxes,wst,1.424
2014,taxes,wst,1.6400000000000001
2013,taxes,wst,1.5190000000000001
1999,taxes,wst,0.58
2002,taxes,wst,0.632
2017,taxes,wst,1.889
2016,taxes,wst,1.7630000000000001
2015,taxes,wst,1.715
1998,taxes,wst,0.53
2004,taxes,wst,0.744
2000,taxes,wst,0.5750000000000001
1997,taxes,wst,0.504
2007,taxes,wst,0.994
2010,taxes,wst,1.18
2003,taxes,wst,0.682
2011,taxes,wst,1.288
2001,taxes,wst,0.598
2008,subsidies,wst,-0.0
2009,subsidies,wst,-0.0
2005,subsidies,wst,-0.0
2006,subsidies,wst,-0.0
2012,subsidies,wst,-0.0
2014,subsidies,wst,-0.0
2013,subsidies,wst,-0.0
1999,subsidies,wst,-0.0
2002,subsidies,wst,-0.0
2017,subsidies,wst,-0.0
2016,subsidies,wst,-0.0
2015,subsidies,wst,-0.0
1998,subsidies,wst,-0.0
2004,subsidies,wst,-0.0
2000,subsidies,wst,-0.0
1997,subsidies,wst,-0.0
2007,subsidies,wst,-0.0
2010,subsidies,wst,-0.0
2003,subsidies,wst,-0.0
2011,subsidies,wst,-0.0
2001,subsidies,wst,-0.0
2008,taxes,mot,0.221
2009,taxes,mot,0.065
2005,taxes,mot,0.168
2006,taxes,mot,0.212
2012,taxes,mot,0.151
2014,taxes,mot,0.197
2013,taxes,mot,0.201
1999,taxes,mot,0.17400000000000002
2002,taxes,mot,0.165
2017,taxes,mot,0.211
2016,taxes,mot,0.198
2015,taxes,mot,0.211
1998,taxes,mot,0.167
2004,taxes,mot,0.22
2000,taxes,mot,0.178
1997,taxes,mot,0.169
2007,taxes,mot,0.134
2010,taxes,mot,0.107
2003,taxes,mot,0.188
2011,taxes,mot,0.179
2001,taxes,mot,0.169
2008,subsidies,mot,-0.0
2009,subsidies,mot,-0.0
2005,subsidies,mot,-0.0
2006,subsidies,mot,-0.0
2012,subsidies,mot,-0.0
2014,subsidies,mot,-0.0
2013,subsidies,mot,-0.0
1999,subsidies,mot,-0.0
2002,subsidies,mot,-0.0
2017,subsidies,mot,-0.0
2016,subsidies,mot,-0.0
2015,subsidies,mot,-0.0
1998,subsidies,mot,-0.0
2004,subsidies,mot,-0.0
2000,subsidies,mot,-0.0
1997,subsidies,mot,-0.0
2007,subsidies,mot,-0.0
2010,subsidies,mot,-0.0
2003,subsidies,mot,-0.0
2011,subsidies,mot,-0.0
2001,subsidies,mot,-0.0
2008,taxes,adm,4.1290000000000004
2009,taxes,adm,3.757
2005,taxes,adm,3.456
2006,taxes,adm,3.701
2012,taxes,adm,4.743
2014,taxes,adm,5.464
2013,taxes,adm,5.074
1999,taxes,adm,2.951
2002,taxes,adm,2.886
2017,taxes,adm,6.221
2016,taxes,adm,5.964
2015,taxes,adm,5.784
1998,taxes,adm,2.736
2004,taxes,adm,3.1910000000000003
2000,taxes,adm,2.811
1997,taxes,adm,2.529
2007,taxes,adm,3.989
2010,taxes,adm,4.014
2003,taxes,adm,2.931
2011,taxes,adm,4.425
2001,taxes,adm,2.8770000000000002
2008,subsidies,adm,-0.0
2009,subsidies,adm,-0.0
2005,subsidies,adm,-0.0
2006,subsidies,adm,-0.0
2012,subsidies,adm,-0.0
2014,subsidies,adm,-0.0
2013,subsidies,adm,-0.0
1999,subsidies,adm,-0.0
2002,subsidies,adm,-0.0
2017,subsidies,adm,-0.0
2016,subsidies,adm,-0.0
2015,subsidies,adm,-0.0
1998,subsidies,adm,-0.0
2004,subsidies,adm,-0.0
2000,subsidies,adm,-0.0
1997,subsidies,adm,-0.0
2007,subsidies,adm,-0.0
2010,subsidies,adm,-0.0
2003,subsidies,adm,-0.0
2011,subsidies,adm,-0.0
2001,subsidies,adm,-0.0
2008,taxes,soc,0.586
2009,taxes,soc,0.595
2005,taxes,soc,0.462
2006,taxes,soc,0.496
2012,taxes,soc,0.679
2014,taxes,soc,0.782
2013,taxes,soc,0.75
1999,taxes,soc,0.274
2002,taxes,soc,0.37
2017,taxes,soc,0.899
2016,taxes,soc,0.857
2015,taxes,soc,0.8190000000000001
1998,taxes,soc,0.252
2004,taxes,soc,0.437
2000,taxes,soc,0.301
1997,taxes,soc,0.232
2007,taxes,soc,0.555
2010,taxes,soc,0.641
2003,taxes,soc,0.394
2011,taxes,soc,0.651
2001,taxes,soc,0.341
2008,subsidies,soc,-0.0
2009,subsidies,soc,-0.0
2005,subsidies,soc,-0.0
2006,subsidies,soc,-0.0
2012,subsidies,soc,-0.0
2014,subsidies,soc,-0.0
2013,subsidies,soc,-0.0
1999,subsidies,soc,-0.0
2002,subsidies,soc,-0.0
2017,subsidies,soc,-0.0
2016,subsidies,soc,-0.0
2015,subsidies,soc,-0.0
1998,subsidies,soc,-0.0
2004,subsidies,soc,-0.0
2000,subsidies,soc,-0.0
1997,subsidies,soc,-0.0
2007,subsidies,soc,-0.0
2010,subsidies,soc,-0.0
2003,subsidies,soc,-0.0
2011,subsidies,soc,-0.0
2001,subsidies,soc,-0.0
2008,taxes,alt,0.014
2009,taxes,alt,0.012
2005,taxes,alt,0.014
2006,taxes,alt,0.014
2012,taxes,alt,0.011
2014,taxes,alt,0.011
2013,taxes,alt,0.011
1999,taxes,alt,0.018000000000000002
2002,taxes,alt,0.014
2017,taxes,alt,0.011
2016,taxes,alt,0.011
2015,taxes,alt,0.011
1998,taxes,alt,0.02
2004,taxes,alt,0.014
2000,taxes,alt,0.017
1997,taxes,alt,0.022
2007,taxes,alt,0.014
2010,taxes,alt,0.012
2003,taxes,alt,0.014
2011,taxes,alt,0.012
2001,taxes,alt,0.016
2008,subsidies,alt,-0.0
2009,subsidies,alt,-0.0
2005,subsidies,alt,-0.0
2006,subsidies,alt,-0.0
2012,subsidies,alt,-0.0
2014,subsidies,alt,-0.0
2013,subsidies,alt,-0.0
1999,subsidies,alt,-0.0
2002,subsidies,alt,-0.0
2017,subsidies,alt,-0.0
2016,subsidies,alt,-0.0
2015,subsidies,alt,-0.0
1998,subsidies,alt,-0.0
2004,subsidies,alt,-0.0
2000,subsidies,alt,-0.0
1997,subsidies,alt,-0.0
2007,subsidies,alt,-0.0
2010,subsidies,alt,-0.0
2003,subsidies,alt,-0.0
2011,subsidies,alt,-0.0
2001,subsidies,alt,-0.0
2008,taxes,pmt,0.131
2009,taxes,pmt,0.091
2005,taxes,pmt,0.105
2006,taxes,pmt,0.113
2012,taxes,pmt,0.111
2014,taxes,pmt,0.11900000000000001
2013,taxes,pmt,0.113
1999,taxes,pmt,0.099
2002,taxes,pmt,0.08700000000000001
2017,taxes,pmt,0.117
2016,taxes,pmt,0.111
2015,taxes,pmt,0.11800000000000001
1998,taxes,pmt,0.099
2004,taxes,pmt,0.096
2000,taxes,pmt,0.101
1997,taxes,pmt,0.1
2007,taxes,pmt,0.131
2010,taxes,pmt,0.097
2003,taxes,pmt,0.08700000000000001
2011,taxes,pmt,0.105
2001,taxes,pmt,0.094
2008,subsidies,pmt,-0.0
2009,subsidies,pmt,-0.0
2005,subsidies,pmt,-0.0
2006,subsidies,pmt,-0.0
2012,subsidies,pmt,-0.0
2014,subsidies,pmt,-0.0
2013,subsidies,pmt,-0.0
1999,subsidies,pmt,-0.0
2002,subsidies,pmt,-0.0
2017,subsidies,pmt,-0.0
2016,subsidies,pmt,-0.0
2015,subsidies,pmt,-0.0
1998,subsidies,pmt,-0.0
2004,subsidies,pmt,-0.0
2000,subsidies,pmt,-0.0
1997,subsidies,pmt,-0.0
2007,subsidies,pmt,-0.0
2010,subsidies,pmt,-0.0
2003,subsidies,pmt,-0.0
2011,subsidies,pmt,-0.0
2001,subsidies,pmt,-0.0
2008,taxes,trk,0.487
2009,taxes,trk,0.48
2005,taxes,trk,0.419
2006,taxes,trk,0.47800000000000004
2012,taxes,trk,0.521
2014,taxes,trk,0.537
2013,taxes,trk,0.527
1999,taxes,trk,0.354
2002,taxes,trk,0.382
2017,taxes,trk,0.537
2016,taxes,trk,0.529
2015,taxes,trk,0.536
1998,taxes,trk,0.342
2004,taxes,trk,0.395
2000,taxes,trk,0.372
1997,taxes,trk,0.326
2007,taxes,trk,0.47300000000000003
2010,taxes,trk,0.492
2003,taxes,trk,0.39
2011,taxes,trk,0.497
2001,taxes,trk,0.371
2008,subsidies,trk,0.014
2009,subsidies,trk,0.006
2005,subsidies,trk,0.019
2006,subsidies,trk,0.051000000000000004
2012,subsidies,trk,-0.0
2014,subsidies,trk,-0.0
2013,subsidies,trk,-0.0
1999,subsidies,trk,-0.0
2002,subsidies,trk,-0.0
2017,subsidies,trk,-0.0
2016,subsidies,trk,-0.0
2015,subsidies,trk,-0.0
1998,subsidies,trk,-0.0
2004,subsidies,trk,0.02
2000,subsidies,trk,-0.0
1997,subsidies,trk,-0.0
2007,subsidies,trk,0.013000000000000001
2010,subsidies,trk,-0.0
2003,subsidies,trk,0.003
2011,subsidies,trk,-0.0
2001,subsidies,trk,-0.0
2008,taxes,fdd,0.0
2009,taxes,fdd,0.0
2005,taxes,fdd,0.0
2006,taxes,fdd,0.0
2012,taxes,fdd,0.0
2014,taxes,fdd,0.0
2013,taxes,fdd,0.0
1999,taxes,fdd,0.0
2002,taxes,fdd,0.0
2017,taxes,fdd,0.0
2016,taxes,fdd,0.0
2015,taxes,fdd,0.0
1998,taxes,fdd,0.0
2004,taxes,fdd,0.0
2000,taxes,fdd,0.0
1997,taxes,fdd,0.0
2007,taxes,fdd,0.0
2010,taxes,fdd,0.0
2003,taxes,fdd,0.0
2011,taxes,fdd,0.0
2001,taxes,fdd,0.0
2008,subsidies,fdd,-0.0
2009,subsidies,fdd,-0.0
2005,subsidies,fdd,-0.0
2006,subsidies,fdd,-0.0
2012,subsidies,fdd,-0.0
2014,subsidies,fdd,-0.0
2013,subsidies,fdd,-0.0
1999,subsidies,fdd,-0.0
2002,subsidies,fdd,-0.0
2017,subsidies,fdd,-0.0
2016,subsidies,fdd,-0.0
2015,subsidies,fdd,-0.0
1998,subsidies,fdd,-0.0
2004,subsidies,fdd,-0.0
2000,subsidies,fdd,-0.0
1997,subsidies,fdd,-0.0
2007,subsidies,fdd,-0.0
2010,subsidies,fdd,-0.0
2003,subsidies,fdd,-0.0
2011,subsidies,fdd,-0.0
2001,subsidies,fdd,-0.0
2008,taxes,gmt,34.527
2009,taxes,gmt,33.924
2005,taxes,gmt,31.29
2006,taxes,gmt,33.263
2012,taxes,gmt,34.622
2014,taxes,gmt,36.896
2013,taxes,gmt,35.832
1999,taxes,gmt,24.649
2002,taxes,gmt,25.756
2017,taxes,gmt,38.131
2016,taxes,gmt,37.746
2015,taxes,gmt,37.914
1998,taxes,gmt,23.716
2004,taxes,gmt,29.182000000000002
2000,taxes,gmt,26.077
1997,taxes,gmt,22.151
2007,taxes,gmt,33.848
2010,taxes,gmt,34.646
2003,taxes,gmt,27.474
2011,taxes,gmt,34.574
2001,taxes,gmt,27.208000000000002
2008,subsidies,gmt,-0.0
2009,subsidies,gmt,-0.0
2005,subsidies,gmt,-0.0
2006,subsidies,gmt,-0.0
2012,subsidies,gmt,-0.0
2014,subsidies,gmt,-0.0
2013,subsidies,gmt,-0.0
1999,subsidies,gmt,-0.0
2002,subsidies,gmt,-0.0
2017,subsidies,gmt,-0.0
2016,subsidies,gmt,-0.0
2015,subsidies,gmt,-0.0
1998,subsidies,gmt,-0.0
2004,subsidies,gmt,-0.0
2000,subsidies,gmt,-0.0
1997,subsidies,gmt,-0.0
2007,subsidies,gmt,-0.0
2010,subsidies,gmt,-0.0
2003,subsidies,gmt,-0.0
2011,subsidies,gmt,-0.0
2001,subsidies,gmt,-0.0
2008,taxes,wtt,0.189
2009,taxes,wtt,0.085
2005,taxes,wtt,0.093
2006,taxes,wtt,0.134
2012,taxes,wtt,0.14300000000000002
2014,taxes,wtt,0.212
2013,taxes,wtt,0.227
1999,taxes,wtt,0.152
2002,taxes,wtt,0.111
2017,taxes,wtt,0.17
2016,taxes,wtt,0.163
2015,taxes,wtt,0.20400000000000001
1998,taxes,wtt,0.121
2004,taxes,wtt,0.14100000000000001
2000,taxes,wtt,0.133
1997,taxes,wtt,0.139
2007,taxes,wtt,0.10200000000000001
2010,taxes,wtt,0.097
2003,taxes,wtt,0.113
2011,taxes,wtt,0.199
2001,taxes,wtt,0.115
2008,subsidies,wtt,0.28
2009,subsidies,wtt,0.449
2005,subsidies,wtt,0.482
2006,subsidies,wtt,0.646
2012,subsidies,wtt,0.505
2014,subsidies,wtt,0.07
2013,subsidies,wtt,0.14100000000000001
1999,subsidies,wtt,0.025
2002,subsidies,wtt,0.437
2017,subsidies,wtt,0.047
2016,subsidies,wtt,0.14400000000000002
2015,subsidies,wtt,0.04
1998,subsidies,wtt,0.052000000000000005
2004,subsidies,wtt,0.889
2000,subsidies,wtt,0.057
1997,subsidies,wtt,0.117
2007,subsidies,wtt,0.47400000000000003
2010,subsidies,wtt,0.202
2003,subsidies,wtt,0.337
2011,subsidies,wtt,0.23700000000000002
2001,subsidies,wtt,0.198
2008,taxes,wpd,0.10200000000000001
2009,taxes,wpd,0.079
2005,taxes,wpd,0.128
2006,taxes,wpd,0.134
2012,taxes,wpd,0.084
2014,taxes,wpd,0.101
2013,taxes,wpd,0.091
1999,taxes,wpd,0.092
2002,taxes,wpd,0.094
2017,taxes,wpd,0.116
2016,taxes,wpd,0.111
2015,taxes,wpd,0.107
1998,taxes,wpd,0.088
2004,taxes,wpd,0.113
2000,taxes,wpd,0.095
1997,taxes,wpd,0.082
2007,taxes,wpd,0.116
2010,taxes,wpd,0.079
2003,taxes,wpd,0.1
2011,taxes,wpd,0.082
2001,taxes,wpd,0.095
2008,subsidies,wpd,-0.0
2009,subsidies,wpd,-0.0
2005,subsidies,wpd,-0.0
2006,subsidies,wpd,-0.0
2012,subsidies,wpd,-0.0
2014,subsidies,wpd,-0.0
2013,subsidies,wpd,-0.0
1999,subsidies,wpd,-0.0
2002,subsidies,wpd,-0.0
2017,subsidies,wpd,-0.0
2016,subsidies,wpd,-0.0
2015,subsidies,wpd,-0.0
1998,subsidies,wpd,-0.0
2004,subsidies,wpd,-0.0
2000,subsidies,wpd,-0.0
1997,subsidies,wpd,-0.0
2007,subsidies,wpd,-0.0
2010,subsidies,wpd,-0.0
2003,subsidies,wpd,-0.0
2011,subsidies,wpd,-0.0
2001,subsidies,wpd,-0.0
2008,taxes,wht,161.762
2009,taxes,wht,147.562
2005,taxes,wht,152.56300000000002
2006,taxes,wht,161.877
2012,taxes,wht,181.55
2014,taxes,wht,196.77
2013,taxes,wht,191.065
1999,taxes,wht,124.822
2002,taxes,wht,128.144
2017,taxes,wht,209.497
2016,taxes,wht,202.198
2015,taxes,wht,201.0
1998,taxes,wht,120.735
2004,taxes,wht,142.746
2000,taxes,wht,128.016
1997,taxes,wht,116.04
2007,taxes,wht,162.508
2010,taxes,wht,159.719
2003,taxes,wht,133.886
2011,taxes,wht,174.27100000000002
2001,taxes,wht,126.629
2008,subsidies,wht,-0.0
2009,subsidies,wht,-0.0
2005,subsidies,wht,-0.0
2006,subsidies,wht,-0.0
2012,subsidies,wht,-0.0
2014,subsidies,wht,-0.0
2013,subsidies,wht,-0.0
1999,subsidies,wht,-0.0
2002,subsidies,wht,-0.0
2017,subsidies,wht,-0.0
2016,subsidies,wht,-0.0
2015,subsidies,wht,-0.0
1998,subsidies,wht,-0.0
2004,subsidies,wht,-0.0
2000,subsidies,wht,-0.0
1997,subsidies,wht,-0.0
2007,subsidies,wht,-0.0
2010,subsidies,wht,-0.0
2003,subsidies,wht,-0.0
2011,subsidies,wht,-0.0
2001,subsidies,wht,-0.0
2008,taxes,wrh,0.067
2009,taxes,wrh,0.065
2005,taxes,wrh,0.05
2006,taxes,wrh,0.057
2012,taxes,wrh,0.079
2014,taxes,wrh,0.096
2013,taxes,wrh,0.09
1999,taxes,wrh,0.037
2002,taxes,wrh,0.038
2017,taxes,wrh,0.125
2016,taxes,wrh,0.115
2015,taxes,wrh,0.105
1998,taxes,wrh,0.035
2004,taxes,wrh,0.046
2000,taxes,wrh,0.039
1997,taxes,wrh,0.033
2007,taxes,wrh,0.061
2010,taxes,wrh,0.069
2003,taxes,wrh,0.04
2011,taxes,wrh,0.074
2001,taxes,wrh,0.037
2008,subsidies,wrh,-0.0
2009,subsidies,wrh,-0.0
2005,subsidies,wrh,-0.0
2006,subsidies,wrh,-0.0
2012,subsidies,wrh,-0.0
2014,subsidies,wrh,-0.0
2013,subsidies,wrh,-0.0
1999,subsidies,wrh,-0.0
2002,subsidies,wrh,-0.0
2017,subsidies,wrh,-0.0
2016,subsidies,wrh,-0.0
2015,subsidies,wrh,-0.0
1998,subsidies,wrh,-0.0
2004,subsidies,wrh,-0.0
2000,subsidies,wrh,-0.0
1997,subsidies,wrh,-0.0
2007,subsidies,wrh,-0.0
2010,subsidies,wrh,-0.0
2003,subsidies,wrh,-0.0
2011,subsidies,wrh,-0.0
2001,subsidies,wrh,-0.0
2008,taxes,ott,79.62
2009,taxes,ott,73.102
2005,taxes,ott,74.959
2006,taxes,ott,80.269
2012,taxes,ott,88.18900000000001
2014,taxes,ott,96.995
2013,taxes,ott,93.113
1999,taxes,ott,54.286
2002,taxes,ott,59.789
2017,taxes,ott,105.667
2016,taxes,ott,102.291
2015,taxes,ott,99.956
1998,taxes,ott,52.211
2004,taxes,ott,68.453
2000,taxes,ott,60.145
1997,taxes,ott,48.298
2007,taxes,ott,80.09400000000001
2010,taxes,ott,78.58200000000001
2003,taxes,ott,63.309000000000005
2011,taxes,ott,84.029
2001,taxes,ott,62.822
2008,subsidies,ott,-0.0
2009,subsidies,ott,-0.0
2005,subsidies,ott,-0.0
2006,subsidies,ott,-0.0
2012,subsidies,ott,-0.0
2014,subsidies,ott,-0.0
2013,subsidies,ott,-0.0
1999,subsidies,ott,-0.0
2002,subsidies,ott,-0.0
2017,subsidies,ott,-0.0
2016,subsidies,ott,-0.0
2015,subsidies,ott,-0.0
1998,subsidies,ott,-0.0
2004,subsidies,ott,-0.0
2000,subsidies,ott,-0.0
1997,subsidies,ott,-0.0
2007,subsidies,ott,-0.0
2010,subsidies,ott,-0.0
2003,subsidies,ott,-0.0
2011,subsidies,ott,-0.0
2001,subsidies,ott,-0.0
2008,taxes,che,0.781
2009,taxes,che,0.451
2005,taxes,che,0.514
2006,taxes,che,0.62
2012,taxes,che,3.476
2014,taxes,che,4.123
2013,taxes,che,3.928
1999,taxes,che,0.603
2002,taxes,che,0.459
2017,taxes,che,4.836
2016,taxes,che,3.8080000000000003
2015,taxes,che,4.112
1998,taxes,che,0.538
2004,taxes,che,0.523
2000,taxes,che,0.536
1997,taxes,che,0.561
2007,taxes,che,0.549
2010,taxes,che,0.509
2003,taxes,che,0.492
2011,taxes,che,3.346
2001,taxes,che,0.46900000000000003
2008,subsidies,che,-0.0
2009,subsidies,che,0.014
2005,subsidies,che,-0.0
2006,subsidies,che,-0.0
2012,subsidies,che,0.04
2014,subsidies,che,0.048
2013,subsidies,che,0.047
1999,subsidies,che,-0.0
2002,subsidies,che,-0.0
2017,subsidies,che,0.014
2016,subsidies,che,0.015
2015,subsidies,che,0.015
1998,subsidies,che,-0.0
2004,subsidies,che,-0.0
2000,subsidies,che,-0.0
1997,subsidies,che,-0.0
2007,subsidies,che,-0.0
2010,subsidies,che,0.016
2003,subsidies,che,-0.0
2011,subsidies,che,0.125
2001,subsidies,che,-0.0
2008,taxes,air,13.671000000000001
2009,taxes,air,13.793000000000001
2005,taxes,air,12.781
2006,taxes,air,12.258000000000001
2012,taxes,air,14.217
2014,taxes,air,17.872
2013,taxes,air,16.445
1999,taxes,air,9.031
2002,taxes,air,10.617
2017,taxes,air,21.551000000000002
2016,taxes,air,19.98
2015,taxes,air,19.065
1998,taxes,air,8.544
2004,taxes,air,12.42
2000,taxes,air,10.128
1997,taxes,air,6.719
2007,taxes,air,13.926
2010,taxes,air,12.677
2003,taxes,air,10.772
2011,taxes,air,13.808
2001,taxes,air,9.34
2008,subsidies,air,0.14100000000000001
2009,subsidies,air,0.171
2005,subsidies,air,0.061
2006,subsidies,air,0.093
2012,subsidies,air,0.259
2014,subsidies,air,0.219
2013,subsidies,air,0.234
1999,subsidies,air,-0.0
2002,subsidies,air,0.16
2017,subsidies,air,0.23800000000000002
2016,subsidies,air,0.245
2015,subsidies,air,0.24
1998,subsidies,air,-0.001
2004,subsidies,air,0.017
2000,subsidies,air,0.001
1997,subsidies,air,0.02
2007,subsidies,air,0.094
2010,subsidies,air,0.20500000000000002
2003,subsidies,air,2.515
2011,subsidies,air,0.23600000000000002
2001,subsidies,air,5.0280000000000005
2008,taxes,mmf,0.15
2009,taxes,mmf,0.046
2005,taxes,mmf,0.09
2006,taxes,mmf,0.116
2012,taxes,mmf,0.12
2014,taxes,mmf,1.538
2013,taxes,mmf,1.448
1999,taxes,mmf,0.135
2002,taxes,mmf,0.105
2017,taxes,mmf,0.176
2016,taxes,mmf,0.161
2015,taxes,mmf,1.489
1998,taxes,mmf,0.114
2004,taxes,mmf,0.132
2000,taxes,mmf,0.126
1997,taxes,mmf,0.126
2007,taxes,mmf,0.077
2010,taxes,mmf,0.065
2003,taxes,mmf,0.11
2011,taxes,mmf,0.179
2001,taxes,mmf,0.106
2008,subsidies,mmf,-0.0
2009,subsidies,mmf,-0.0
2005,subsidies,mmf,-0.0
2006,subsidies,mmf,-0.0
2012,subsidies,mmf,-0.0
2014,subsidies,mmf,-0.0
2013,subsidies,mmf,-0.0
1999,subsidies,mmf,-0.0
2002,subsidies,mmf,-0.0
2017,subsidies,mmf,-0.0
2016,subsidies,mmf,-0.0
2015,subsidies,mmf,-0.0
1998,subsidies,mmf,-0.0
2004,subsidies,mmf,-0.0
2000,subsidies,mmf,-0.0
1997,subsidies,mmf,-0.0
2007,subsidies,mmf,-0.0
2010,subsidies,mmf,-0.0
2003,subsidies,mmf,-0.0
2011,subsidies,mmf,-0.0
2001,subsidies,mmf,-0.0
2008,taxes,otr,0.182
2009,taxes,otr,0.17
2005,taxes,otr,0.145
2006,taxes,otr,0.165
2012,taxes,otr,0.219
2014,taxes,otr,0.252
2013,taxes,otr,0.244
1999,taxes,otr,0.121
2002,taxes,otr,0.124
2017,taxes,otr,0.28800000000000003
2016,taxes,otr,0.275
2015,taxes,otr,0.267
1998,taxes,otr,0.114
2004,taxes,otr,0.133
2000,taxes,otr,0.129
1997,taxes,otr,0.109
2007,taxes,otr,0.17300000000000001
2010,taxes,otr,0.19
2003,taxes,otr,0.127
2011,taxes,otr,0.20400000000000001
2001,taxes,otr,0.125
2008,subsidies,otr,-0.0
2009,subsidies,otr,-0.0
2005,subsidies,otr,-0.0
2006,subsidies,otr,-0.0
2012,subsidies,otr,-0.0
2014,subsidies,otr,-0.0
2013,subsidies,otr,-0.0
1999,subsidies,otr,-0.0
2002,subsidies,otr,-0.0
2017,subsidies,otr,-0.0
2016,subsidies,otr,-0.0
2015,subsidies,otr,-0.0
1998,subsidies,otr,-0.0
2004,subsidies,otr,-0.0
2000,subsidies,otr,-0.0
1997,subsidies,otr,-0.0
2007,subsidies,otr,-0.0
2010,subsidies,otr,-0.0
2003,subsidies,otr,-0.0
2011,subsidies,otr,-0.0
2001,subsidies,otr,-0.0
2008,taxes,min,3.001
2009,taxes,min,2.291
2005,taxes,min,2.33
2006,taxes,min,2.487
2012,taxes,min,3.6550000000000002
2014,taxes,min,3.656
2013,taxes,min,3.844
1999,taxes,min,1.444
2002,taxes,min,1.452
2017,taxes,min,2.4
2016,taxes,min,1.954
2015,taxes,min,2.414
1998,taxes,min,1.432
2004,taxes,min,1.881
2000,taxes,min,1.532
1997,taxes,min,1.537
2007,taxes,min,2.684
2010,taxes,min,2.968
2003,taxes,min,1.746
2011,taxes,min,3.809
2001,taxes,min,1.745
2008,subsidies,min,-0.0
2009,subsidies,min,-0.0
2005,subsidies,min,-0.0
2006,subsidies,min,-0.0
2012,subsidies,min,-0.0
2014,subsidies,min,-0.0
2013,subsidies,min,-0.0
1999,subsidies,min,-0.0
2002,subsidies,min,-0.0
2017,subsidies,min,-0.0
2016,subsidies,min,-0.0
2015,subsidies,min,-0.0
1998,subsidies,min,-0.0
2004,subsidies,min,-0.0
2000,subsidies,min,-0.0
1997,subsidies,min,-0.0
2007,subsidies,min,-0.0
2010,subsidies,min,-0.0
2003,subsidies,min,-0.0
2011,subsidies,min,-0.0
2001,subsidies,min,-0.0
