yr,va,j,value
2008,othtax,ppd,0.0
2009,othtax,ppd,0.0
2005,othtax,ppd,0.0
2006,othtax,ppd,0.0
2012,othtax,ppd,0.0
2014,othtax,ppd,0.0
2013,othtax,ppd,0.0
1999,othtax,ppd,0.0
2002,othtax,ppd,0.0
2017,othtax,ppd,0.0
2016,othtax,ppd,0.0
2015,othtax,ppd,0.0
1998,othtax,ppd,0.0
2004,othtax,ppd,0.0
2000,othtax,ppd,0.0
1997,othtax,ppd,0.0
2007,othtax,ppd,0.0
2010,othtax,ppd,0.0
2003,othtax,ppd,0.0
2011,othtax,ppd,0.0
2001,othtax,ppd,0.0
2008,surplus,ppd,0.0
2009,surplus,ppd,0.0
2005,surplus,ppd,0.0
2006,surplus,ppd,0.0
2012,surplus,ppd,0.0
2014,surplus,ppd,0.0
2013,surplus,ppd,0.0
1999,surplus,ppd,0.0
2002,surplus,ppd,0.0
2017,surplus,ppd,0.0
2016,surplus,ppd,0.0
2015,surplus,ppd,0.0
1998,surplus,ppd,0.0
2004,surplus,ppd,0.0
2000,surplus,ppd,0.0
1997,surplus,ppd,0.0
2007,surplus,ppd,0.0
2010,surplus,ppd,0.0
2003,surplus,ppd,0.0
2011,surplus,ppd,0.0
2001,surplus,ppd,0.0
2008,compen,ppd,0.0
2009,compen,ppd,0.0
2005,compen,ppd,0.0
2006,compen,ppd,0.0
2012,compen,ppd,0.0
2014,compen,ppd,0.0
2013,compen,ppd,0.0
1999,compen,ppd,0.0
2002,compen,ppd,0.0
2017,compen,ppd,0.0
2016,compen,ppd,0.0
2015,compen,ppd,0.0
1998,compen,ppd,0.0
2004,compen,ppd,0.0
2000,compen,ppd,0.0
1997,compen,ppd,0.0
2007,compen,ppd,0.0
2010,compen,ppd,0.0
2003,compen,ppd,0.0
2011,compen,ppd,0.0
2001,compen,ppd,0.0
2008,othtax,res,0.0
2009,othtax,res,0.0
2005,othtax,res,0.0
2006,othtax,res,0.0
2012,othtax,res,0.0
2014,othtax,res,0.0
2013,othtax,res,0.0
1999,othtax,res,0.0
2002,othtax,res,0.0
2017,othtax,res,0.0
2016,othtax,res,0.0
2015,othtax,res,0.0
1998,othtax,res,0.0
2004,othtax,res,0.0
2000,othtax,res,0.0
1997,othtax,res,0.0
2007,othtax,res,0.0
2010,othtax,res,0.0
2003,othtax,res,0.0
2011,othtax,res,0.0
2001,othtax,res,0.0
2008,surplus,res,0.0
2009,surplus,res,0.0
2005,surplus,res,0.0
2006,surplus,res,0.0
2012,surplus,res,0.0
2014,surplus,res,0.0
2013,surplus,res,0.0
1999,surplus,res,0.0
2002,surplus,res,0.0
2017,surplus,res,0.0
2016,surplus,res,0.0
2015,surplus,res,0.0
1998,surplus,res,0.0
2004,surplus,res,0.0
2000,surplus,res,0.0
1997,surplus,res,0.0
2007,surplus,res,0.0
2010,surplus,res,0.0
2003,surplus,res,0.0
2011,surplus,res,0.0
2001,surplus,res,0.0
2008,compen,res,0.0
2009,compen,res,0.0
2005,compen,res,0.0
2006,compen,res,0.0
2012,compen,res,0.0
2014,compen,res,0.0
2013,compen,res,0.0
1999,compen,res,0.0
2002,compen,res,0.0
2017,compen,res,0.0
2016,compen,res,0.0
2015,compen,res,0.0
1998,compen,res,0.0
2004,compen,res,0.0
2000,compen,res,0.0
1997,compen,res,0.0
2007,compen,res,0.0
2010,compen,res,0.0
2003,compen,res,0.0
2011,compen,res,0.0
2001,compen,res,0.0
2008,othtax,com,0.0
2009,othtax,com,0.0
2005,othtax,com,0.0
2006,othtax,com,0.0
2012,othtax,com,0.0
2014,othtax,com,0.0
2013,othtax,com,0.0
1999,othtax,com,0.0
2002,othtax,com,0.0
2017,othtax,com,0.0
2016,othtax,com,0.0
2015,othtax,com,0.0
1998,othtax,com,0.0
2004,othtax,com,0.0
2000,othtax,com,0.0
1997,othtax,com,0.0
2007,othtax,com,0.0
2010,othtax,com,0.0
2003,othtax,com,0.0
2011,othtax,com,0.0
2001,othtax,com,0.0
2008,surplus,com,0.0
2009,surplus,com,0.0
2005,surplus,com,0.0
2006,surplus,com,0.0
2012,surplus,com,0.0
2014,surplus,com,0.0
2013,surplus,com,0.0
1999,surplus,com,0.0
2002,surplus,com,0.0
2017,surplus,com,0.0
2016,surplus,com,0.0
2015,surplus,com,0.0
1998,surplus,com,0.0
2004,surplus,com,0.0
2000,surplus,com,0.0
1997,surplus,com,0.0
2007,surplus,com,0.0
2010,surplus,com,0.0
2003,surplus,com,0.0
2011,surplus,com,0.0
2001,surplus,com,0.0
2008,compen,com,0.0
2009,compen,com,0.0
2005,compen,com,0.0
2006,compen,com,0.0
2012,compen,com,0.0
2014,compen,com,0.0
2013,compen,com,0.0
1999,compen,com,0.0
2002,compen,com,0.0
2017,compen,com,0.0
2016,compen,com,0.0
2015,compen,com,0.0
1998,compen,com,0.0
2004,compen,com,0.0
2000,compen,com,0.0
1997,compen,com,0.0
2007,compen,com,0.0
2010,compen,com,0.0
2003,compen,com,0.0
2011,compen,com,0.0
2001,compen,com,0.0
2008,othtax,amb,0.0
2009,othtax,amb,0.0
2005,othtax,amb,0.0
2006,othtax,amb,0.0
2012,othtax,amb,0.0
2014,othtax,amb,0.0
2013,othtax,amb,0.0
1999,othtax,amb,0.0
2002,othtax,amb,0.0
2017,othtax,amb,0.0
2016,othtax,amb,0.0
2015,othtax,amb,0.0
1998,othtax,amb,0.0
2004,othtax,amb,0.0
2000,othtax,amb,0.0
1997,othtax,amb,0.0
2007,othtax,amb,0.0
2010,othtax,amb,0.0
2003,othtax,amb,0.0
2011,othtax,amb,0.0
2001,othtax,amb,0.0
2008,surplus,amb,0.0
2009,surplus,amb,0.0
2005,surplus,amb,0.0
2006,surplus,amb,0.0
2012,surplus,amb,0.0
2014,surplus,amb,0.0
2013,surplus,amb,0.0
1999,surplus,amb,0.0
2002,surplus,amb,0.0
2017,surplus,amb,0.0
2016,surplus,amb,0.0
2015,surplus,amb,0.0
1998,surplus,amb,0.0
2004,surplus,amb,0.0
2000,surplus,amb,0.0
1997,surplus,amb,0.0
2007,surplus,amb,0.0
2010,surplus,amb,0.0
2003,surplus,amb,0.0
2011,surplus,amb,0.0
2001,surplus,amb,0.0
2008,compen,amb,0.0
2009,compen,amb,0.0
2005,compen,amb,0.0
2006,compen,amb,0.0
2012,compen,amb,0.0
2014,compen,amb,0.0
2013,compen,amb,0.0
1999,compen,amb,0.0
2002,compen,amb,0.0
2017,compen,amb,0.0
2016,compen,amb,0.0
2015,compen,amb,0.0
1998,compen,amb,0.0
2004,compen,amb,0.0
2000,compen,amb,0.0
1997,compen,amb,0.0
2007,compen,amb,0.0
2010,compen,amb,0.0
2003,compen,amb,0.0
2011,compen,amb,0.0
2001,compen,amb,0.0
2008,othtax,fbp,0.0
2009,othtax,fbp,0.0
2005,othtax,fbp,0.0
2006,othtax,fbp,0.0
2012,othtax,fbp,0.0
2014,othtax,fbp,0.0
2013,othtax,fbp,0.0
1999,othtax,fbp,0.0
2002,othtax,fbp,0.0
2017,othtax,fbp,0.0
2016,othtax,fbp,0.0
2015,othtax,fbp,0.0
1998,othtax,fbp,0.0
2004,othtax,fbp,0.0
2000,othtax,fbp,0.0
1997,othtax,fbp,0.0
2007,othtax,fbp,0.0
2010,othtax,fbp,0.0
2003,othtax,fbp,0.0
2011,othtax,fbp,0.0
2001,othtax,fbp,0.0
2008,surplus,fbp,0.0
2009,surplus,fbp,0.0
2005,surplus,fbp,0.0
2006,surplus,fbp,0.0
2012,surplus,fbp,0.0
2014,surplus,fbp,0.0
2013,surplus,fbp,0.0
1999,surplus,fbp,0.0
2002,surplus,fbp,0.0
2017,surplus,fbp,0.0
2016,surplus,fbp,0.0
2015,surplus,fbp,0.0
1998,surplus,fbp,0.0
2004,surplus,fbp,0.0
2000,surplus,fbp,0.0
1997,surplus,fbp,0.0
2007,surplus,fbp,0.0
2010,surplus,fbp,0.0
2003,surplus,fbp,0.0
2011,surplus,fbp,0.0
2001,surplus,fbp,0.0
2008,compen,fbp,0.0
2009,compen,fbp,0.0
2005,compen,fbp,0.0
2006,compen,fbp,0.0
2012,compen,fbp,0.0
2014,compen,fbp,0.0
2013,compen,fbp,0.0
1999,compen,fbp,0.0
2002,compen,fbp,0.0
2017,compen,fbp,0.0
2016,compen,fbp,0.0
2015,compen,fbp,0.0
1998,compen,fbp,0.0
2004,compen,fbp,0.0
2000,compen,fbp,0.0
1997,compen,fbp,0.0
2007,compen,fbp,0.0
2010,compen,fbp,0.0
2003,compen,fbp,0.0
2011,compen,fbp,0.0
2001,compen,fbp,0.0
2008,othtax,rec,0.0
2009,othtax,rec,0.0
2005,othtax,rec,0.0
2006,othtax,rec,0.0
2012,othtax,rec,0.0
2014,othtax,rec,0.0
2013,othtax,rec,0.0
1999,othtax,rec,0.0
2002,othtax,rec,0.0
2017,othtax,rec,0.0
2016,othtax,rec,0.0
2015,othtax,rec,0.0
1998,othtax,rec,0.0
2004,othtax,rec,0.0
2000,othtax,rec,0.0
1997,othtax,rec,0.0
2007,othtax,rec,0.0
2010,othtax,rec,0.0
2003,othtax,rec,0.0
2011,othtax,rec,0.0
2001,othtax,rec,0.0
2008,surplus,rec,0.0
2009,surplus,rec,0.0
2005,surplus,rec,0.0
2006,surplus,rec,0.0
2012,surplus,rec,0.0
2014,surplus,rec,0.0
2013,surplus,rec,0.0
1999,surplus,rec,0.0
2002,surplus,rec,0.0
2017,surplus,rec,0.0
2016,surplus,rec,0.0
2015,surplus,rec,0.0
1998,surplus,rec,0.0
2004,surplus,rec,0.0
2000,surplus,rec,0.0
1997,surplus,rec,0.0
2007,surplus,rec,0.0
2010,surplus,rec,0.0
2003,surplus,rec,0.0
2011,surplus,rec,0.0
2001,surplus,rec,0.0
2008,compen,rec,0.0
2009,compen,rec,0.0
2005,compen,rec,0.0
2006,compen,rec,0.0
2012,compen,rec,0.0
2014,compen,rec,0.0
2013,compen,rec,0.0
1999,compen,rec,0.0
2002,compen,rec,0.0
2017,compen,rec,0.0
2016,compen,rec,0.0
2015,compen,rec,0.0
1998,compen,rec,0.0
2004,compen,rec,0.0
2000,compen,rec,0.0
1997,compen,rec,0.0
2007,compen,rec,0.0
2010,compen,rec,0.0
2003,compen,rec,0.0
2011,compen,rec,0.0
2001,compen,rec,0.0
2008,othtax,con,0.0
2009,othtax,con,0.0
2005,othtax,con,0.0
2006,othtax,con,0.0
2012,othtax,con,0.0
2014,othtax,con,0.0
2013,othtax,con,0.0
1999,othtax,con,0.0
2002,othtax,con,0.0
2017,othtax,con,0.0
2016,othtax,con,0.0
2015,othtax,con,0.0
1998,othtax,con,0.0
2004,othtax,con,0.0
2000,othtax,con,0.0
1997,othtax,con,0.0
2007,othtax,con,0.0
2010,othtax,con,0.0
2003,othtax,con,0.0
2011,othtax,con,0.0
2001,othtax,con,0.0
2008,surplus,con,0.0
2009,surplus,con,0.0
2005,surplus,con,0.0
2006,surplus,con,0.0
2012,surplus,con,0.0
2014,surplus,con,0.0
2013,surplus,con,0.0
1999,surplus,con,0.0
2002,surplus,con,0.0
2017,surplus,con,0.0
2016,surplus,con,0.0
2015,surplus,con,0.0
1998,surplus,con,0.0
2004,surplus,con,0.0
2000,surplus,con,0.0
1997,surplus,con,0.0
2007,surplus,con,0.0
2010,surplus,con,0.0
2003,surplus,con,0.0
2011,surplus,con,0.0
2001,surplus,con,0.0
2008,compen,con,0.0
2009,compen,con,0.0
2005,compen,con,0.0
2006,compen,con,0.0
2012,compen,con,0.0
2014,compen,con,0.0
2013,compen,con,0.0
1999,compen,con,0.0
2002,compen,con,0.0
2017,compen,con,0.0
2016,compen,con,0.0
2015,compen,con,0.0
1998,compen,con,0.0
2004,compen,con,0.0
2000,compen,con,0.0
1997,compen,con,0.0
2007,compen,con,0.0
2010,compen,con,0.0
2003,compen,con,0.0
2011,compen,con,0.0
2001,compen,con,0.0
2008,othtax,agr,0.0
2009,othtax,agr,0.0
2005,othtax,agr,0.0
2006,othtax,agr,0.0
2012,othtax,agr,0.0
2014,othtax,agr,0.0
2013,othtax,agr,0.0
1999,othtax,agr,0.0
2002,othtax,agr,0.0
2017,othtax,agr,0.0
2016,othtax,agr,0.0
2015,othtax,agr,0.0
1998,othtax,agr,0.0
2004,othtax,agr,0.0
2000,othtax,agr,0.0
1997,othtax,agr,0.0
2007,othtax,agr,0.0
2010,othtax,agr,0.0
2003,othtax,agr,0.0
2011,othtax,agr,0.0
2001,othtax,agr,0.0
2008,surplus,agr,0.0
2009,surplus,agr,0.0
2005,surplus,agr,0.0
2006,surplus,agr,0.0
2012,surplus,agr,0.0
2014,surplus,agr,0.0
2013,surplus,agr,0.0
1999,surplus,agr,0.0
2002,surplus,agr,0.0
2017,surplus,agr,0.0
2016,surplus,agr,0.0
2015,surplus,agr,0.0
1998,surplus,agr,0.0
2004,surplus,agr,0.0
2000,surplus,agr,0.0
1997,surplus,agr,0.0
2007,surplus,agr,0.0
2010,surplus,agr,0.0
2003,surplus,agr,0.0
2011,surplus,agr,0.0
2001,surplus,agr,0.0
2008,compen,agr,0.0
2009,compen,agr,0.0
2005,compen,agr,0.0
2006,compen,agr,0.0
2012,compen,agr,0.0
2014,compen,agr,0.0
2013,compen,agr,0.0
1999,compen,agr,0.0
2002,compen,agr,0.0
2017,compen,agr,0.0
2016,compen,agr,0.0
2015,compen,agr,0.0
1998,compen,agr,0.0
2004,compen,agr,0.0
2000,compen,agr,0.0
1997,compen,agr,0.0
2007,compen,agr,0.0
2010,compen,agr,0.0
2003,compen,agr,0.0
2011,compen,agr,0.0
2001,compen,agr,0.0
2008,othtax,eec,0.0
2009,othtax,eec,0.0
2005,othtax,eec,0.0
2006,othtax,eec,0.0
2012,othtax,eec,0.0
2014,othtax,eec,0.0
2013,othtax,eec,0.0
1999,othtax,eec,0.0
2002,othtax,eec,0.0
2017,othtax,eec,0.0
2016,othtax,eec,0.0
2015,othtax,eec,0.0
1998,othtax,eec,0.0
2004,othtax,eec,0.0
2000,othtax,eec,0.0
1997,othtax,eec,0.0
2007,othtax,eec,0.0
2010,othtax,eec,0.0
2003,othtax,eec,0.0
2011,othtax,eec,0.0
2001,othtax,eec,0.0
2008,surplus,eec,0.0
2009,surplus,eec,0.0
2005,surplus,eec,0.0
2006,surplus,eec,0.0
2012,surplus,eec,0.0
2014,surplus,eec,0.0
2013,surplus,eec,0.0
1999,surplus,eec,0.0
2002,surplus,eec,0.0
2017,surplus,eec,0.0
2016,surplus,eec,0.0
2015,surplus,eec,0.0
1998,surplus,eec,0.0
2004,surplus,eec,0.0
2000,surplus,eec,0.0
1997,surplus,eec,0.0
2007,surplus,eec,0.0
2010,surplus,eec,0.0
2003,surplus,eec,0.0
2011,surplus,eec,0.0
2001,surplus,eec,0.0
2008,compen,eec,0.0
2009,compen,eec,0.0
2005,compen,eec,0.0
2006,compen,eec,0.0
2012,compen,eec,0.0
2014,compen,eec,0.0
2013,compen,eec,0.0
1999,compen,eec,0.0
2002,compen,eec,0.0
2017,compen,eec,0.0
2016,compen,eec,0.0
2015,compen,eec,0.0
1998,compen,eec,0.0
2004,compen,eec,0.0
2000,compen,eec,0.0
1997,compen,eec,0.0
2007,compen,eec,0.0
2010,compen,eec,0.0
2003,compen,eec,0.0
2011,compen,eec,0.0
2001,compen,eec,0.0
2008,othtax,use,0.0
2009,othtax,use,0.0
2005,othtax,use,0.0
2006,othtax,use,0.0
2012,othtax,use,0.0
2014,othtax,use,0.0
2013,othtax,use,0.0
1999,othtax,use,0.0
2002,othtax,use,0.0
2017,othtax,use,0.0
2016,othtax,use,0.0
2015,othtax,use,0.0
1998,othtax,use,0.0
2004,othtax,use,0.0
2000,othtax,use,0.0
1997,othtax,use,0.0
2007,othtax,use,0.0
2010,othtax,use,0.0
2003,othtax,use,0.0
2011,othtax,use,0.0
2001,othtax,use,0.0
2008,surplus,use,0.0
2009,surplus,use,0.0
2005,surplus,use,0.0
2006,surplus,use,0.0
2012,surplus,use,0.0
2014,surplus,use,0.0
2013,surplus,use,0.0
1999,surplus,use,0.0
2002,surplus,use,0.0
2017,surplus,use,0.0
2016,surplus,use,0.0
2015,surplus,use,0.0
1998,surplus,use,0.0
2004,surplus,use,0.0
2000,surplus,use,0.0
1997,surplus,use,0.0
2007,surplus,use,0.0
2010,surplus,use,0.0
2003,surplus,use,0.0
2011,surplus,use,0.0
2001,surplus,use,0.0
2008,compen,use,0.0
2009,compen,use,0.0
2005,compen,use,0.0
2006,compen,use,0.0
2012,compen,use,0.0
2014,compen,use,0.0
2013,compen,use,0.0
1999,compen,use,0.0
2002,compen,use,0.0
2017,compen,use,0.0
2016,compen,use,0.0
2015,compen,use,0.0
1998,compen,use,0.0
2004,compen,use,0.0
2000,compen,use,0.0
1997,compen,use,0.0
2007,compen,use,0.0
2010,compen,use,0.0
2003,compen,use,0.0
2011,compen,use,0.0
2001,compen,use,0.0
2008,othtax,fnd,0.0
2009,othtax,fnd,0.0
2005,othtax,fnd,0.0
2006,othtax,fnd,0.0
2012,othtax,fnd,0.0
2014,othtax,fnd,0.0
2013,othtax,fnd,0.0
1999,othtax,fnd,0.0
2002,othtax,fnd,0.0
2017,othtax,fnd,0.0
2016,othtax,fnd,0.0
2015,othtax,fnd,0.0
1998,othtax,fnd,0.0
2004,othtax,fnd,0.0
2000,othtax,fnd,0.0
1997,othtax,fnd,0.0
2007,othtax,fnd,0.0
2010,othtax,fnd,0.0
2003,othtax,fnd,0.0
2011,othtax,fnd,0.0
2001,othtax,fnd,0.0
2008,surplus,fnd,0.0
2009,surplus,fnd,0.0
2005,surplus,fnd,0.0
2006,surplus,fnd,0.0
2012,surplus,fnd,0.0
2014,surplus,fnd,0.0
2013,surplus,fnd,0.0
1999,surplus,fnd,0.0
2002,surplus,fnd,0.0
2017,surplus,fnd,0.0
2016,surplus,fnd,0.0
2015,surplus,fnd,0.0
1998,surplus,fnd,0.0
2004,surplus,fnd,0.0
2000,surplus,fnd,0.0
1997,surplus,fnd,0.0
2007,surplus,fnd,0.0
2010,surplus,fnd,0.0
2003,surplus,fnd,0.0
2011,surplus,fnd,0.0
2001,surplus,fnd,0.0
2008,compen,fnd,0.0
2009,compen,fnd,0.0
2005,compen,fnd,0.0
2006,compen,fnd,0.0
2012,compen,fnd,0.0
2014,compen,fnd,0.0
2013,compen,fnd,0.0
1999,compen,fnd,0.0
2002,compen,fnd,0.0
2017,compen,fnd,0.0
2016,compen,fnd,0.0
2015,compen,fnd,0.0
1998,compen,fnd,0.0
2004,compen,fnd,0.0
2000,compen,fnd,0.0
1997,compen,fnd,0.0
2007,compen,fnd,0.0
2010,compen,fnd,0.0
2003,compen,fnd,0.0
2011,compen,fnd,0.0
2001,compen,fnd,0.0
2008,othtax,pub,0.0
2009,othtax,pub,0.0
2005,othtax,pub,0.0
2006,othtax,pub,0.0
2012,othtax,pub,0.0
2014,othtax,pub,0.0
2013,othtax,pub,0.0
1999,othtax,pub,0.0
2002,othtax,pub,0.0
2017,othtax,pub,0.0
2016,othtax,pub,0.0
2015,othtax,pub,0.0
1998,othtax,pub,0.0
2004,othtax,pub,0.0
2000,othtax,pub,0.0
1997,othtax,pub,0.0
2007,othtax,pub,0.0
2010,othtax,pub,0.0
2003,othtax,pub,0.0
2011,othtax,pub,0.0
2001,othtax,pub,0.0
2008,surplus,pub,0.0
2009,surplus,pub,0.0
2005,surplus,pub,0.0
2006,surplus,pub,0.0
2012,surplus,pub,0.0
2014,surplus,pub,0.0
2013,surplus,pub,0.0
1999,surplus,pub,0.0
2002,surplus,pub,0.0
2017,surplus,pub,0.0
2016,surplus,pub,0.0
2015,surplus,pub,0.0
1998,surplus,pub,0.0
2004,surplus,pub,0.0
2000,surplus,pub,0.0
1997,surplus,pub,0.0
2007,surplus,pub,0.0
2010,surplus,pub,0.0
2003,surplus,pub,0.0
2011,surplus,pub,0.0
2001,surplus,pub,0.0
2008,compen,pub,0.0
2009,compen,pub,0.0
2005,compen,pub,0.0
2006,compen,pub,0.0
2012,compen,pub,0.0
2014,compen,pub,0.0
2013,compen,pub,0.0
1999,compen,pub,0.0
2002,compen,pub,0.0
2017,compen,pub,0.0
2016,compen,pub,0.0
2015,compen,pub,0.0
1998,compen,pub,0.0
2004,compen,pub,0.0
2000,compen,pub,0.0
1997,compen,pub,0.0
2007,compen,pub,0.0
2010,compen,pub,0.0
2003,compen,pub,0.0
2011,compen,pub,0.0
2001,compen,pub,0.0
2008,othtax,hou,0.0
2009,othtax,hou,0.0
2005,othtax,hou,0.0
2006,othtax,hou,0.0
2012,othtax,hou,0.0
2014,othtax,hou,0.0
2013,othtax,hou,0.0
1999,othtax,hou,0.0
2002,othtax,hou,0.0
2017,othtax,hou,0.0
2016,othtax,hou,0.0
2015,othtax,hou,0.0
1998,othtax,hou,0.0
2004,othtax,hou,0.0
2000,othtax,hou,0.0
1997,othtax,hou,0.0
2007,othtax,hou,0.0
2010,othtax,hou,0.0
2003,othtax,hou,0.0
2011,othtax,hou,0.0
2001,othtax,hou,0.0
2008,surplus,hou,0.0
2009,surplus,hou,0.0
2005,surplus,hou,0.0
2006,surplus,hou,0.0
2012,surplus,hou,0.0
2014,surplus,hou,0.0
2013,surplus,hou,0.0
1999,surplus,hou,0.0
2002,surplus,hou,0.0
2017,surplus,hou,0.0
2016,surplus,hou,0.0
2015,surplus,hou,0.0
1998,surplus,hou,0.0
2004,surplus,hou,0.0
2000,surplus,hou,0.0
1997,surplus,hou,0.0
2007,surplus,hou,0.0
2010,surplus,hou,0.0
2003,surplus,hou,0.0
2011,surplus,hou,0.0
2001,surplus,hou,0.0
2008,compen,hou,0.0
2009,compen,hou,0.0
2005,compen,hou,0.0
2006,compen,hou,0.0
2012,compen,hou,0.0
2014,compen,hou,0.0
2013,compen,hou,0.0
1999,compen,hou,0.0
2002,compen,hou,0.0
2017,compen,hou,0.0
2016,compen,hou,0.0
2015,compen,hou,0.0
1998,compen,hou,0.0
2004,compen,hou,0.0
2000,compen,hou,0.0
1997,compen,hou,0.0
2007,compen,hou,0.0
2010,compen,hou,0.0
2003,compen,hou,0.0
2011,compen,hou,0.0
2001,compen,hou,0.0
2008,othtax,fbt,0.0
2009,othtax,fbt,0.0
2005,othtax,fbt,0.0
2006,othtax,fbt,0.0
2012,othtax,fbt,0.0
2014,othtax,fbt,0.0
2013,othtax,fbt,0.0
1999,othtax,fbt,0.0
2002,othtax,fbt,0.0
2017,othtax,fbt,0.0
2016,othtax,fbt,0.0
2015,othtax,fbt,0.0
1998,othtax,fbt,0.0
2004,othtax,fbt,0.0
2000,othtax,fbt,0.0
1997,othtax,fbt,0.0
2007,othtax,fbt,0.0
2010,othtax,fbt,0.0
2003,othtax,fbt,0.0
2011,othtax,fbt,0.0
2001,othtax,fbt,0.0
2008,surplus,fbt,0.0
2009,surplus,fbt,0.0
2005,surplus,fbt,0.0
2006,surplus,fbt,0.0
2012,surplus,fbt,0.0
2014,surplus,fbt,0.0
2013,surplus,fbt,0.0
1999,surplus,fbt,0.0
2002,surplus,fbt,0.0
2017,surplus,fbt,0.0
2016,surplus,fbt,0.0
2015,surplus,fbt,0.0
1998,surplus,fbt,0.0
2004,surplus,fbt,0.0
2000,surplus,fbt,0.0
1997,surplus,fbt,0.0
2007,surplus,fbt,0.0
2010,surplus,fbt,0.0
2003,surplus,fbt,0.0
2011,surplus,fbt,0.0
2001,surplus,fbt,0.0
2008,compen,fbt,0.0
2009,compen,fbt,0.0
2005,compen,fbt,0.0
2006,compen,fbt,0.0
2012,compen,fbt,0.0
2014,compen,fbt,0.0
2013,compen,fbt,0.0
1999,compen,fbt,0.0
2002,compen,fbt,0.0
2017,compen,fbt,0.0
2016,compen,fbt,0.0
2015,compen,fbt,0.0
1998,compen,fbt,0.0
2004,compen,fbt,0.0
2000,compen,fbt,0.0
1997,compen,fbt,0.0
2007,compen,fbt,0.0
2010,compen,fbt,0.0
2003,compen,fbt,0.0
2011,compen,fbt,0.0
2001,compen,fbt,0.0
2008,othtax,ins,0.0
2009,othtax,ins,0.0
2005,othtax,ins,0.0
2006,othtax,ins,0.0
2012,othtax,ins,0.0
2014,othtax,ins,0.0
2013,othtax,ins,0.0
1999,othtax,ins,0.0
2002,othtax,ins,0.0
2017,othtax,ins,0.0
2016,othtax,ins,0.0
2015,othtax,ins,0.0
1998,othtax,ins,0.0
2004,othtax,ins,0.0
2000,othtax,ins,0.0
1997,othtax,ins,0.0
2007,othtax,ins,0.0
2010,othtax,ins,0.0
2003,othtax,ins,0.0
2011,othtax,ins,0.0
2001,othtax,ins,0.0
2008,surplus,ins,0.0
2009,surplus,ins,0.0
2005,surplus,ins,0.0
2006,surplus,ins,0.0
2012,surplus,ins,0.0
2014,surplus,ins,0.0
2013,surplus,ins,0.0
1999,surplus,ins,0.0
2002,surplus,ins,0.0
2017,surplus,ins,0.0
2016,surplus,ins,0.0
2015,surplus,ins,0.0
1998,surplus,ins,0.0
2004,surplus,ins,0.0
2000,surplus,ins,0.0
1997,surplus,ins,0.0
2007,surplus,ins,0.0
2010,surplus,ins,0.0
2003,surplus,ins,0.0
2011,surplus,ins,0.0
2001,surplus,ins,0.0
2008,compen,ins,0.0
2009,compen,ins,0.0
2005,compen,ins,0.0
2006,compen,ins,0.0
2012,compen,ins,0.0
2014,compen,ins,0.0
2013,compen,ins,0.0
1999,compen,ins,0.0
2002,compen,ins,0.0
2017,compen,ins,0.0
2016,compen,ins,0.0
2015,compen,ins,0.0
1998,compen,ins,0.0
2004,compen,ins,0.0
2000,compen,ins,0.0
1997,compen,ins,0.0
2007,compen,ins,0.0
2010,compen,ins,0.0
2003,compen,ins,0.0
2011,compen,ins,0.0
2001,compen,ins,0.0
2008,othtax,tex,0.0
2009,othtax,tex,0.0
2005,othtax,tex,0.0
2006,othtax,tex,0.0
2012,othtax,tex,0.0
2014,othtax,tex,0.0
2013,othtax,tex,0.0
1999,othtax,tex,0.0
2002,othtax,tex,0.0
2017,othtax,tex,0.0
2016,othtax,tex,0.0
2015,othtax,tex,0.0
1998,othtax,tex,0.0
2004,othtax,tex,0.0
2000,othtax,tex,0.0
1997,othtax,tex,0.0
2007,othtax,tex,0.0
2010,othtax,tex,0.0
2003,othtax,tex,0.0
2011,othtax,tex,0.0
2001,othtax,tex,0.0
2008,surplus,tex,0.0
2009,surplus,tex,0.0
2005,surplus,tex,0.0
2006,surplus,tex,0.0
2012,surplus,tex,0.0
2014,surplus,tex,0.0
2013,surplus,tex,0.0
1999,surplus,tex,0.0
2002,surplus,tex,0.0
2017,surplus,tex,0.0
2016,surplus,tex,0.0
2015,surplus,tex,0.0
1998,surplus,tex,0.0
2004,surplus,tex,0.0
2000,surplus,tex,0.0
1997,surplus,tex,0.0
2007,surplus,tex,0.0
2010,surplus,tex,0.0
2003,surplus,tex,0.0
2011,surplus,tex,0.0
2001,surplus,tex,0.0
2008,compen,tex,0.0
2009,compen,tex,0.0
2005,compen,tex,0.0
2006,compen,tex,0.0
2012,compen,tex,0.0
2014,compen,tex,0.0
2013,compen,tex,0.0
1999,compen,tex,0.0
2002,compen,tex,0.0
2017,compen,tex,0.0
2016,compen,tex,0.0
2015,compen,tex,0.0
1998,compen,tex,0.0
2004,compen,tex,0.0
2000,compen,tex,0.0
1997,compen,tex,0.0
2007,compen,tex,0.0
2010,compen,tex,0.0
2003,compen,tex,0.0
2011,compen,tex,0.0
2001,compen,tex,0.0
2008,othtax,leg,0.0
2009,othtax,leg,0.0
2005,othtax,leg,0.0
2006,othtax,leg,0.0
2012,othtax,leg,0.0
2014,othtax,leg,0.0
2013,othtax,leg,0.0
1999,othtax,leg,0.0
2002,othtax,leg,0.0
2017,othtax,leg,0.0
2016,othtax,leg,0.0
2015,othtax,leg,0.0
1998,othtax,leg,0.0
2004,othtax,leg,0.0
2000,othtax,leg,0.0
1997,othtax,leg,0.0
2007,othtax,leg,0.0
2010,othtax,leg,0.0
2003,othtax,leg,0.0
2011,othtax,leg,0.0
2001,othtax,leg,0.0
2008,surplus,leg,0.0
2009,surplus,leg,0.0
2005,surplus,leg,0.0
2006,surplus,leg,0.0
2012,surplus,leg,0.0
2014,surplus,leg,0.0
2013,surplus,leg,0.0
1999,surplus,leg,0.0
2002,surplus,leg,0.0
2017,surplus,leg,0.0
2016,surplus,leg,0.0
2015,surplus,leg,0.0
1998,surplus,leg,0.0
2004,surplus,leg,0.0
2000,surplus,leg,0.0
1997,surplus,leg,0.0
2007,surplus,leg,0.0
2010,surplus,leg,0.0
2003,surplus,leg,0.0
2011,surplus,leg,0.0
2001,surplus,leg,0.0
2008,compen,leg,0.0
2009,compen,leg,0.0
2005,compen,leg,0.0
2006,compen,leg,0.0
2012,compen,leg,0.0
2014,compen,leg,0.0
2013,compen,leg,0.0
1999,compen,leg,0.0
2002,compen,leg,0.0
2017,compen,leg,0.0
2016,compen,leg,0.0
2015,compen,leg,0.0
1998,compen,leg,0.0
2004,compen,leg,0.0
2000,compen,leg,0.0
1997,compen,leg,0.0
2007,compen,leg,0.0
2010,compen,leg,0.0
2003,compen,leg,0.0
2011,compen,leg,0.0
2001,compen,leg,0.0
2008,othtax,fen,0.0
2009,othtax,fen,0.0
2005,othtax,fen,0.0
2006,othtax,fen,0.0
2012,othtax,fen,0.0
2014,othtax,fen,0.0
2013,othtax,fen,0.0
1999,othtax,fen,0.0
2002,othtax,fen,0.0
2017,othtax,fen,0.0
2016,othtax,fen,0.0
2015,othtax,fen,0.0
1998,othtax,fen,0.0
2004,othtax,fen,0.0
2000,othtax,fen,0.0
1997,othtax,fen,0.0
2007,othtax,fen,0.0
2010,othtax,fen,0.0
2003,othtax,fen,0.0
2011,othtax,fen,0.0
2001,othtax,fen,0.0
2008,surplus,fen,0.0
2009,surplus,fen,0.0
2005,surplus,fen,0.0
2006,surplus,fen,0.0
2012,surplus,fen,0.0
2014,surplus,fen,0.0
2013,surplus,fen,0.0
1999,surplus,fen,0.0
2002,surplus,fen,0.0
2017,surplus,fen,0.0
2016,surplus,fen,0.0
2015,surplus,fen,0.0
1998,surplus,fen,0.0
2004,surplus,fen,0.0
2000,surplus,fen,0.0
1997,surplus,fen,0.0
2007,surplus,fen,0.0
2010,surplus,fen,0.0
2003,surplus,fen,0.0
2011,surplus,fen,0.0
2001,surplus,fen,0.0
2008,compen,fen,0.0
2009,compen,fen,0.0
2005,compen,fen,0.0
2006,compen,fen,0.0
2012,compen,fen,0.0
2014,compen,fen,0.0
2013,compen,fen,0.0
1999,compen,fen,0.0
2002,compen,fen,0.0
2017,compen,fen,0.0
2016,compen,fen,0.0
2015,compen,fen,0.0
1998,compen,fen,0.0
2004,compen,fen,0.0
2000,compen,fen,0.0
1997,compen,fen,0.0
2007,compen,fen,0.0
2010,compen,fen,0.0
2003,compen,fen,0.0
2011,compen,fen,0.0
2001,compen,fen,0.0
2008,othtax,uti,0.0
2009,othtax,uti,0.0
2005,othtax,uti,0.0
2006,othtax,uti,0.0
2012,othtax,uti,0.0
2014,othtax,uti,0.0
2013,othtax,uti,0.0
1999,othtax,uti,0.0
2002,othtax,uti,0.0
2017,othtax,uti,0.0
2016,othtax,uti,0.0
2015,othtax,uti,0.0
1998,othtax,uti,0.0
2004,othtax,uti,0.0
2000,othtax,uti,0.0
1997,othtax,uti,0.0
2007,othtax,uti,0.0
2010,othtax,uti,0.0
2003,othtax,uti,0.0
2011,othtax,uti,0.0
2001,othtax,uti,0.0
2008,surplus,uti,0.0
2009,surplus,uti,0.0
2005,surplus,uti,0.0
2006,surplus,uti,0.0
2012,surplus,uti,0.0
2014,surplus,uti,0.0
2013,surplus,uti,0.0
1999,surplus,uti,0.0
2002,surplus,uti,0.0
2017,surplus,uti,0.0
2016,surplus,uti,0.0
2015,surplus,uti,0.0
1998,surplus,uti,0.0
2004,surplus,uti,0.0
2000,surplus,uti,0.0
1997,surplus,uti,0.0
2007,surplus,uti,0.0
2010,surplus,uti,0.0
2003,surplus,uti,0.0
2011,surplus,uti,0.0
2001,surplus,uti,0.0
2008,compen,uti,0.0
2009,compen,uti,0.0
2005,compen,uti,0.0
2006,compen,uti,0.0
2012,compen,uti,0.0
2014,compen,uti,0.0
2013,compen,uti,0.0
1999,compen,uti,0.0
2002,compen,uti,0.0
2017,compen,uti,0.0
2016,compen,uti,0.0
2015,compen,uti,0.0
1998,compen,uti,0.0
2004,compen,uti,0.0
2000,compen,uti,0.0
1997,compen,uti,0.0
2007,compen,uti,0.0
2010,compen,uti,0.0
2003,compen,uti,0.0
2011,compen,uti,0.0
2001,compen,uti,0.0
2008,othtax,nmp,0.0
2009,othtax,nmp,0.0
2005,othtax,nmp,0.0
2006,othtax,nmp,0.0
2012,othtax,nmp,0.0
2014,othtax,nmp,0.0
2013,othtax,nmp,0.0
1999,othtax,nmp,0.0
2002,othtax,nmp,0.0
2017,othtax,nmp,0.0
2016,othtax,nmp,0.0
2015,othtax,nmp,0.0
1998,othtax,nmp,0.0
2004,othtax,nmp,0.0
2000,othtax,nmp,0.0
1997,othtax,nmp,0.0
2007,othtax,nmp,0.0
2010,othtax,nmp,0.0
2003,othtax,nmp,0.0
2011,othtax,nmp,0.0
2001,othtax,nmp,0.0
2008,surplus,nmp,0.0
2009,surplus,nmp,0.0
2005,surplus,nmp,0.0
2006,surplus,nmp,0.0
2012,surplus,nmp,0.0
2014,surplus,nmp,0.0
2013,surplus,nmp,0.0
1999,surplus,nmp,0.0
2002,surplus,nmp,0.0
2017,surplus,nmp,0.0
2016,surplus,nmp,0.0
2015,surplus,nmp,0.0
1998,surplus,nmp,0.0
2004,surplus,nmp,0.0
2000,surplus,nmp,0.0
1997,surplus,nmp,0.0
2007,surplus,nmp,0.0
2010,surplus,nmp,0.0
2003,surplus,nmp,0.0
2011,surplus,nmp,0.0
2001,surplus,nmp,0.0
2008,compen,nmp,0.0
2009,compen,nmp,0.0
2005,compen,nmp,0.0
2006,compen,nmp,0.0
2012,compen,nmp,0.0
2014,compen,nmp,0.0
2013,compen,nmp,0.0
1999,compen,nmp,0.0
2002,compen,nmp,0.0
2017,compen,nmp,0.0
2016,compen,nmp,0.0
2015,compen,nmp,0.0
1998,compen,nmp,0.0
2004,compen,nmp,0.0
2000,compen,nmp,0.0
1997,compen,nmp,0.0
2007,compen,nmp,0.0
2010,compen,nmp,0.0
2003,compen,nmp,0.0
2011,compen,nmp,0.0
2001,compen,nmp,0.0
2008,othtax,brd,0.0
2009,othtax,brd,0.0
2005,othtax,brd,0.0
2006,othtax,brd,0.0
2012,othtax,brd,0.0
2014,othtax,brd,0.0
2013,othtax,brd,0.0
1999,othtax,brd,0.0
2002,othtax,brd,0.0
2017,othtax,brd,0.0
2016,othtax,brd,0.0
2015,othtax,brd,0.0
1998,othtax,brd,0.0
2004,othtax,brd,0.0
2000,othtax,brd,0.0
1997,othtax,brd,0.0
2007,othtax,brd,0.0
2010,othtax,brd,0.0
2003,othtax,brd,0.0
2011,othtax,brd,0.0
2001,othtax,brd,0.0
2008,surplus,brd,0.0
2009,surplus,brd,0.0
2005,surplus,brd,0.0
2006,surplus,brd,0.0
2012,surplus,brd,0.0
2014,surplus,brd,0.0
2013,surplus,brd,0.0
1999,surplus,brd,0.0
2002,surplus,brd,0.0
2017,surplus,brd,0.0
2016,surplus,brd,0.0
2015,surplus,brd,0.0
1998,surplus,brd,0.0
2004,surplus,brd,0.0
2000,surplus,brd,0.0
1997,surplus,brd,0.0
2007,surplus,brd,0.0
2010,surplus,brd,0.0
2003,surplus,brd,0.0
2011,surplus,brd,0.0
2001,surplus,brd,0.0
2008,compen,brd,0.0
2009,compen,brd,0.0
2005,compen,brd,0.0
2006,compen,brd,0.0
2012,compen,brd,0.0
2014,compen,brd,0.0
2013,compen,brd,0.0
1999,compen,brd,0.0
2002,compen,brd,0.0
2017,compen,brd,0.0
2016,compen,brd,0.0
2015,compen,brd,0.0
1998,compen,brd,0.0
2004,compen,brd,0.0
2000,compen,brd,0.0
1997,compen,brd,0.0
2007,compen,brd,0.0
2010,compen,brd,0.0
2003,compen,brd,0.0
2011,compen,brd,0.0
2001,compen,brd,0.0
2008,othtax,bnk,0.0
2009,othtax,bnk,0.0
2005,othtax,bnk,0.0
2006,othtax,bnk,0.0
2012,othtax,bnk,0.0
2014,othtax,bnk,0.0
2013,othtax,bnk,0.0
1999,othtax,bnk,0.0
2002,othtax,bnk,0.0
2017,othtax,bnk,0.0
2016,othtax,bnk,0.0
2015,othtax,bnk,0.0
1998,othtax,bnk,0.0
2004,othtax,bnk,0.0
2000,othtax,bnk,0.0
1997,othtax,bnk,0.0
2007,othtax,bnk,0.0
2010,othtax,bnk,0.0
2003,othtax,bnk,0.0
2011,othtax,bnk,0.0
2001,othtax,bnk,0.0
2008,surplus,bnk,0.0
2009,surplus,bnk,0.0
2005,surplus,bnk,0.0
2006,surplus,bnk,0.0
2012,surplus,bnk,0.0
2014,surplus,bnk,0.0
2013,surplus,bnk,0.0
1999,surplus,bnk,0.0
2002,surplus,bnk,0.0
2017,surplus,bnk,0.0
2016,surplus,bnk,0.0
2015,surplus,bnk,0.0
1998,surplus,bnk,0.0
2004,surplus,bnk,0.0
2000,surplus,bnk,0.0
1997,surplus,bnk,0.0
2007,surplus,bnk,0.0
2010,surplus,bnk,0.0
2003,surplus,bnk,0.0
2011,surplus,bnk,0.0
2001,surplus,bnk,0.0
2008,compen,bnk,0.0
2009,compen,bnk,0.0
2005,compen,bnk,0.0
2006,compen,bnk,0.0
2012,compen,bnk,0.0
2014,compen,bnk,0.0
2013,compen,bnk,0.0
1999,compen,bnk,0.0
2002,compen,bnk,0.0
2017,compen,bnk,0.0
2016,compen,bnk,0.0
2015,compen,bnk,0.0
1998,compen,bnk,0.0
2004,compen,bnk,0.0
2000,compen,bnk,0.0
1997,compen,bnk,0.0
2007,compen,bnk,0.0
2010,compen,bnk,0.0
2003,compen,bnk,0.0
2011,compen,bnk,0.0
2001,compen,bnk,0.0
2008,othtax,ore,0.0
2009,othtax,ore,0.0
2005,othtax,ore,0.0
2006,othtax,ore,0.0
2012,othtax,ore,0.0
2014,othtax,ore,0.0
2013,othtax,ore,0.0
1999,othtax,ore,0.0
2002,othtax,ore,0.0
2017,othtax,ore,0.0
2016,othtax,ore,0.0
2015,othtax,ore,0.0
1998,othtax,ore,0.0
2004,othtax,ore,0.0
2000,othtax,ore,0.0
1997,othtax,ore,0.0
2007,othtax,ore,0.0
2010,othtax,ore,0.0
2003,othtax,ore,0.0
2011,othtax,ore,0.0
2001,othtax,ore,0.0
2008,surplus,ore,0.0
2009,surplus,ore,0.0
2005,surplus,ore,0.0
2006,surplus,ore,0.0
2012,surplus,ore,0.0
2014,surplus,ore,0.0
2013,surplus,ore,0.0
1999,surplus,ore,0.0
2002,surplus,ore,0.0
2017,surplus,ore,0.0
2016,surplus,ore,0.0
2015,surplus,ore,0.0
1998,surplus,ore,0.0
2004,surplus,ore,0.0
2000,surplus,ore,0.0
1997,surplus,ore,0.0
2007,surplus,ore,0.0
2010,surplus,ore,0.0
2003,surplus,ore,0.0
2011,surplus,ore,0.0
2001,surplus,ore,0.0
2008,compen,ore,0.0
2009,compen,ore,0.0
2005,compen,ore,0.0
2006,compen,ore,0.0
2012,compen,ore,0.0
2014,compen,ore,0.0
2013,compen,ore,0.0
1999,compen,ore,0.0
2002,compen,ore,0.0
2017,compen,ore,0.0
2016,compen,ore,0.0
2015,compen,ore,0.0
1998,compen,ore,0.0
2004,compen,ore,0.0
2000,compen,ore,0.0
1997,compen,ore,0.0
2007,compen,ore,0.0
2010,compen,ore,0.0
2003,compen,ore,0.0
2011,compen,ore,0.0
2001,compen,ore,0.0
2008,othtax,edu,0.0
2009,othtax,edu,0.0
2005,othtax,edu,0.0
2006,othtax,edu,0.0
2012,othtax,edu,0.0
2014,othtax,edu,0.0
2013,othtax,edu,0.0
1999,othtax,edu,0.0
2002,othtax,edu,0.0
2017,othtax,edu,0.0
2016,othtax,edu,0.0
2015,othtax,edu,0.0
1998,othtax,edu,0.0
2004,othtax,edu,0.0
2000,othtax,edu,0.0
1997,othtax,edu,0.0
2007,othtax,edu,0.0
2010,othtax,edu,0.0
2003,othtax,edu,0.0
2011,othtax,edu,0.0
2001,othtax,edu,0.0
2008,surplus,edu,0.0
2009,surplus,edu,0.0
2005,surplus,edu,0.0
2006,surplus,edu,0.0
2012,surplus,edu,0.0
2014,surplus,edu,0.0
2013,surplus,edu,0.0
1999,surplus,edu,0.0
2002,surplus,edu,0.0
2017,surplus,edu,0.0
2016,surplus,edu,0.0
2015,surplus,edu,0.0
1998,surplus,edu,0.0
2004,surplus,edu,0.0
2000,surplus,edu,0.0
1997,surplus,edu,0.0
2007,surplus,edu,0.0
2010,surplus,edu,0.0
2003,surplus,edu,0.0
2011,surplus,edu,0.0
2001,surplus,edu,0.0
2008,compen,edu,0.0
2009,compen,edu,0.0
2005,compen,edu,0.0
2006,compen,edu,0.0
2012,compen,edu,0.0
2014,compen,edu,0.0
2013,compen,edu,0.0
1999,compen,edu,0.0
2002,compen,edu,0.0
2017,compen,edu,0.0
2016,compen,edu,0.0
2015,compen,edu,0.0
1998,compen,edu,0.0
2004,compen,edu,0.0
2000,compen,edu,0.0
1997,compen,edu,0.0
2007,compen,edu,0.0
2010,compen,edu,0.0
2003,compen,edu,0.0
2011,compen,edu,0.0
2001,compen,edu,0.0
2008,othtax,ote,0.0
2009,othtax,ote,0.0
2005,othtax,ote,0.0
2006,othtax,ote,0.0
2012,othtax,ote,0.0
2014,othtax,ote,0.0
2013,othtax,ote,0.0
1999,othtax,ote,0.0
2002,othtax,ote,0.0
2017,othtax,ote,0.0
2016,othtax,ote,0.0
2015,othtax,ote,0.0
1998,othtax,ote,0.0
2004,othtax,ote,0.0
2000,othtax,ote,0.0
1997,othtax,ote,0.0
2007,othtax,ote,0.0
2010,othtax,ote,0.0
2003,othtax,ote,0.0
2011,othtax,ote,0.0
2001,othtax,ote,0.0
2008,surplus,ote,0.0
2009,surplus,ote,0.0
2005,surplus,ote,0.0
2006,surplus,ote,0.0
2012,surplus,ote,0.0
2014,surplus,ote,0.0
2013,surplus,ote,0.0
1999,surplus,ote,0.0
2002,surplus,ote,0.0
2017,surplus,ote,0.0
2016,surplus,ote,0.0
2015,surplus,ote,0.0
1998,surplus,ote,0.0
2004,surplus,ote,0.0
2000,surplus,ote,0.0
1997,surplus,ote,0.0
2007,surplus,ote,0.0
2010,surplus,ote,0.0
2003,surplus,ote,0.0
2011,surplus,ote,0.0
2001,surplus,ote,0.0
2008,compen,ote,0.0
2009,compen,ote,0.0
2005,compen,ote,0.0
2006,compen,ote,0.0
2012,compen,ote,0.0
2014,compen,ote,0.0
2013,compen,ote,0.0
1999,compen,ote,0.0
2002,compen,ote,0.0
2017,compen,ote,0.0
2016,compen,ote,0.0
2015,compen,ote,0.0
1998,compen,ote,0.0
2004,compen,ote,0.0
2000,compen,ote,0.0
1997,compen,ote,0.0
2007,compen,ote,0.0
2010,compen,ote,0.0
2003,compen,ote,0.0
2011,compen,ote,0.0
2001,compen,ote,0.0
2008,othtax,man,0.0
2009,othtax,man,0.0
2005,othtax,man,0.0
2006,othtax,man,0.0
2012,othtax,man,0.0
2014,othtax,man,0.0
2013,othtax,man,0.0
1999,othtax,man,0.0
2002,othtax,man,0.0
2017,othtax,man,0.0
2016,othtax,man,0.0
2015,othtax,man,0.0
1998,othtax,man,0.0
2004,othtax,man,0.0
2000,othtax,man,0.0
1997,othtax,man,0.0
2007,othtax,man,0.0
2010,othtax,man,0.0
2003,othtax,man,0.0
2011,othtax,man,0.0
2001,othtax,man,0.0
2008,surplus,man,0.0
2009,surplus,man,0.0
2005,surplus,man,0.0
2006,surplus,man,0.0
2012,surplus,man,0.0
2014,surplus,man,0.0
2013,surplus,man,0.0
1999,surplus,man,0.0
2002,surplus,man,0.0
2017,surplus,man,0.0
2016,surplus,man,0.0
2015,surplus,man,0.0
1998,surplus,man,0.0
2004,surplus,man,0.0
2000,surplus,man,0.0
1997,surplus,man,0.0
2007,surplus,man,0.0
2010,surplus,man,0.0
2003,surplus,man,0.0
2011,surplus,man,0.0
2001,surplus,man,0.0
2008,compen,man,0.0
2009,compen,man,0.0
2005,compen,man,0.0
2006,compen,man,0.0
2012,compen,man,0.0
2014,compen,man,0.0
2013,compen,man,0.0
1999,compen,man,0.0
2002,compen,man,0.0
2017,compen,man,0.0
2016,compen,man,0.0
2015,compen,man,0.0
1998,compen,man,0.0
2004,compen,man,0.0
2000,compen,man,0.0
1997,compen,man,0.0
2007,compen,man,0.0
2010,compen,man,0.0
2003,compen,man,0.0
2011,compen,man,0.0
2001,compen,man,0.0
2008,othtax,mch,0.0
2009,othtax,mch,0.0
2005,othtax,mch,0.0
2006,othtax,mch,0.0
2012,othtax,mch,0.0
2014,othtax,mch,0.0
2013,othtax,mch,0.0
1999,othtax,mch,0.0
2002,othtax,mch,0.0
2017,othtax,mch,0.0
2016,othtax,mch,0.0
2015,othtax,mch,0.0
1998,othtax,mch,0.0
2004,othtax,mch,0.0
2000,othtax,mch,0.0
1997,othtax,mch,0.0
2007,othtax,mch,0.0
2010,othtax,mch,0.0
2003,othtax,mch,0.0
2011,othtax,mch,0.0
2001,othtax,mch,0.0
2008,surplus,mch,0.0
2009,surplus,mch,0.0
2005,surplus,mch,0.0
2006,surplus,mch,0.0
2012,surplus,mch,0.0
2014,surplus,mch,0.0
2013,surplus,mch,0.0
1999,surplus,mch,0.0
2002,surplus,mch,0.0
2017,surplus,mch,0.0
2016,surplus,mch,0.0
2015,surplus,mch,0.0
1998,surplus,mch,0.0
2004,surplus,mch,0.0
2000,surplus,mch,0.0
1997,surplus,mch,0.0
2007,surplus,mch,0.0
2010,surplus,mch,0.0
2003,surplus,mch,0.0
2011,surplus,mch,0.0
2001,surplus,mch,0.0
2008,compen,mch,0.0
2009,compen,mch,0.0
2005,compen,mch,0.0
2006,compen,mch,0.0
2012,compen,mch,0.0
2014,compen,mch,0.0
2013,compen,mch,0.0
1999,compen,mch,0.0
2002,compen,mch,0.0
2017,compen,mch,0.0
2016,compen,mch,0.0
2015,compen,mch,0.0
1998,compen,mch,0.0
2004,compen,mch,0.0
2000,compen,mch,0.0
1997,compen,mch,0.0
2007,compen,mch,0.0
2010,compen,mch,0.0
2003,compen,mch,0.0
2011,compen,mch,0.0
2001,compen,mch,0.0
2008,othtax,dat,0.0
2009,othtax,dat,0.0
2005,othtax,dat,0.0
2006,othtax,dat,0.0
2012,othtax,dat,0.0
2014,othtax,dat,0.0
2013,othtax,dat,0.0
1999,othtax,dat,0.0
2002,othtax,dat,0.0
2017,othtax,dat,0.0
2016,othtax,dat,0.0
2015,othtax,dat,0.0
1998,othtax,dat,0.0
2004,othtax,dat,0.0
2000,othtax,dat,0.0
1997,othtax,dat,0.0
2007,othtax,dat,0.0
2010,othtax,dat,0.0
2003,othtax,dat,0.0
2011,othtax,dat,0.0
2001,othtax,dat,0.0
2008,surplus,dat,0.0
2009,surplus,dat,0.0
2005,surplus,dat,0.0
2006,surplus,dat,0.0
2012,surplus,dat,0.0
2014,surplus,dat,0.0
2013,surplus,dat,0.0
1999,surplus,dat,0.0
2002,surplus,dat,0.0
2017,surplus,dat,0.0
2016,surplus,dat,0.0
2015,surplus,dat,0.0
1998,surplus,dat,0.0
2004,surplus,dat,0.0
2000,surplus,dat,0.0
1997,surplus,dat,0.0
2007,surplus,dat,0.0
2010,surplus,dat,0.0
2003,surplus,dat,0.0
2011,surplus,dat,0.0
2001,surplus,dat,0.0
2008,compen,dat,0.0
2009,compen,dat,0.0
2005,compen,dat,0.0
2006,compen,dat,0.0
2012,compen,dat,0.0
2014,compen,dat,0.0
2013,compen,dat,0.0
1999,compen,dat,0.0
2002,compen,dat,0.0
2017,compen,dat,0.0
2016,compen,dat,0.0
2015,compen,dat,0.0
1998,compen,dat,0.0
2004,compen,dat,0.0
2000,compen,dat,0.0
1997,compen,dat,0.0
2007,compen,dat,0.0
2010,compen,dat,0.0
2003,compen,dat,0.0
2011,compen,dat,0.0
2001,compen,dat,0.0
2008,othtax,amd,0.0
2009,othtax,amd,0.0
2005,othtax,amd,0.0
2006,othtax,amd,0.0
2012,othtax,amd,0.0
2014,othtax,amd,0.0
2013,othtax,amd,0.0
1999,othtax,amd,0.0
2002,othtax,amd,0.0
2017,othtax,amd,0.0
2016,othtax,amd,0.0
2015,othtax,amd,0.0
1998,othtax,amd,0.0
2004,othtax,amd,0.0
2000,othtax,amd,0.0
1997,othtax,amd,0.0
2007,othtax,amd,0.0
2010,othtax,amd,0.0
2003,othtax,amd,0.0
2011,othtax,amd,0.0
2001,othtax,amd,0.0
2008,surplus,amd,0.0
2009,surplus,amd,0.0
2005,surplus,amd,0.0
2006,surplus,amd,0.0
2012,surplus,amd,0.0
2014,surplus,amd,0.0
2013,surplus,amd,0.0
1999,surplus,amd,0.0
2002,surplus,amd,0.0
2017,surplus,amd,0.0
2016,surplus,amd,0.0
2015,surplus,amd,0.0
1998,surplus,amd,0.0
2004,surplus,amd,0.0
2000,surplus,amd,0.0
1997,surplus,amd,0.0
2007,surplus,amd,0.0
2010,surplus,amd,0.0
2003,surplus,amd,0.0
2011,surplus,amd,0.0
2001,surplus,amd,0.0
2008,compen,amd,0.0
2009,compen,amd,0.0
2005,compen,amd,0.0
2006,compen,amd,0.0
2012,compen,amd,0.0
2014,compen,amd,0.0
2013,compen,amd,0.0
1999,compen,amd,0.0
2002,compen,amd,0.0
2017,compen,amd,0.0
2016,compen,amd,0.0
2015,compen,amd,0.0
1998,compen,amd,0.0
2004,compen,amd,0.0
2000,compen,amd,0.0
1997,compen,amd,0.0
2007,compen,amd,0.0
2010,compen,amd,0.0
2003,compen,amd,0.0
2011,compen,amd,0.0
2001,compen,amd,0.0
2008,othtax,oil,0.0
2009,othtax,oil,0.0
2005,othtax,oil,0.0
2006,othtax,oil,0.0
2012,othtax,oil,0.0
2014,othtax,oil,0.0
2013,othtax,oil,0.0
1999,othtax,oil,0.0
2002,othtax,oil,0.0
2017,othtax,oil,0.0
2016,othtax,oil,0.0
2015,othtax,oil,0.0
1998,othtax,oil,0.0
2004,othtax,oil,0.0
2000,othtax,oil,0.0
1997,othtax,oil,0.0
2007,othtax,oil,0.0
2010,othtax,oil,0.0
2003,othtax,oil,0.0
2011,othtax,oil,0.0
2001,othtax,oil,0.0
2008,surplus,oil,0.0
2009,surplus,oil,0.0
2005,surplus,oil,0.0
2006,surplus,oil,0.0
2012,surplus,oil,0.0
2014,surplus,oil,0.0
2013,surplus,oil,0.0
1999,surplus,oil,0.0
2002,surplus,oil,0.0
2017,surplus,oil,0.0
2016,surplus,oil,0.0
2015,surplus,oil,0.0
1998,surplus,oil,0.0
2004,surplus,oil,0.0
2000,surplus,oil,0.0
1997,surplus,oil,0.0
2007,surplus,oil,0.0
2010,surplus,oil,0.0
2003,surplus,oil,0.0
2011,surplus,oil,0.0
2001,surplus,oil,0.0
2008,compen,oil,0.0
2009,compen,oil,0.0
2005,compen,oil,0.0
2006,compen,oil,0.0
2012,compen,oil,0.0
2014,compen,oil,0.0
2013,compen,oil,0.0
1999,compen,oil,0.0
2002,compen,oil,0.0
2017,compen,oil,0.0
2016,compen,oil,0.0
2015,compen,oil,0.0
1998,compen,oil,0.0
2004,compen,oil,0.0
2000,compen,oil,0.0
1997,compen,oil,0.0
2007,compen,oil,0.0
2010,compen,oil,0.0
2003,compen,oil,0.0
2011,compen,oil,0.0
2001,compen,oil,0.0
2008,othtax,hos,0.0
2009,othtax,hos,0.0
2005,othtax,hos,0.0
2006,othtax,hos,0.0
2012,othtax,hos,0.0
2014,othtax,hos,0.0
2013,othtax,hos,0.0
1999,othtax,hos,0.0
2002,othtax,hos,0.0
2017,othtax,hos,0.0
2016,othtax,hos,0.0
2015,othtax,hos,0.0
1998,othtax,hos,0.0
2004,othtax,hos,0.0
2000,othtax,hos,0.0
1997,othtax,hos,0.0
2007,othtax,hos,0.0
2010,othtax,hos,0.0
2003,othtax,hos,0.0
2011,othtax,hos,0.0
2001,othtax,hos,0.0
2008,surplus,hos,0.0
2009,surplus,hos,0.0
2005,surplus,hos,0.0
2006,surplus,hos,0.0
2012,surplus,hos,0.0
2014,surplus,hos,0.0
2013,surplus,hos,0.0
1999,surplus,hos,0.0
2002,surplus,hos,0.0
2017,surplus,hos,0.0
2016,surplus,hos,0.0
2015,surplus,hos,0.0
1998,surplus,hos,0.0
2004,surplus,hos,0.0
2000,surplus,hos,0.0
1997,surplus,hos,0.0
2007,surplus,hos,0.0
2010,surplus,hos,0.0
2003,surplus,hos,0.0
2011,surplus,hos,0.0
2001,surplus,hos,0.0
2008,compen,hos,0.0
2009,compen,hos,0.0
2005,compen,hos,0.0
2006,compen,hos,0.0
2012,compen,hos,0.0
2014,compen,hos,0.0
2013,compen,hos,0.0
1999,compen,hos,0.0
2002,compen,hos,0.0
2017,compen,hos,0.0
2016,compen,hos,0.0
2015,compen,hos,0.0
1998,compen,hos,0.0
2004,compen,hos,0.0
2000,compen,hos,0.0
1997,compen,hos,0.0
2007,compen,hos,0.0
2010,compen,hos,0.0
2003,compen,hos,0.0
2011,compen,hos,0.0
2001,compen,hos,0.0
2008,othtax,rnt,0.0
2009,othtax,rnt,0.0
2005,othtax,rnt,0.0
2006,othtax,rnt,0.0
2012,othtax,rnt,0.0
2014,othtax,rnt,0.0
2013,othtax,rnt,0.0
1999,othtax,rnt,0.0
2002,othtax,rnt,0.0
2017,othtax,rnt,0.0
2016,othtax,rnt,0.0
2015,othtax,rnt,0.0
1998,othtax,rnt,0.0
2004,othtax,rnt,0.0
2000,othtax,rnt,0.0
1997,othtax,rnt,0.0
2007,othtax,rnt,0.0
2010,othtax,rnt,0.0
2003,othtax,rnt,0.0
2011,othtax,rnt,0.0
2001,othtax,rnt,0.0
2008,surplus,rnt,0.0
2009,surplus,rnt,0.0
2005,surplus,rnt,0.0
2006,surplus,rnt,0.0
2012,surplus,rnt,0.0
2014,surplus,rnt,0.0
2013,surplus,rnt,0.0
1999,surplus,rnt,0.0
2002,surplus,rnt,0.0
2017,surplus,rnt,0.0
2016,surplus,rnt,0.0
2015,surplus,rnt,0.0
1998,surplus,rnt,0.0
2004,surplus,rnt,0.0
2000,surplus,rnt,0.0
1997,surplus,rnt,0.0
2007,surplus,rnt,0.0
2010,surplus,rnt,0.0
2003,surplus,rnt,0.0
2011,surplus,rnt,0.0
2001,surplus,rnt,0.0
2008,compen,rnt,0.0
2009,compen,rnt,0.0
2005,compen,rnt,0.0
2006,compen,rnt,0.0
2012,compen,rnt,0.0
2014,compen,rnt,0.0
2013,compen,rnt,0.0
1999,compen,rnt,0.0
2002,compen,rnt,0.0
2017,compen,rnt,0.0
2016,compen,rnt,0.0
2015,compen,rnt,0.0
1998,compen,rnt,0.0
2004,compen,rnt,0.0
2000,compen,rnt,0.0
1997,compen,rnt,0.0
2007,compen,rnt,0.0
2010,compen,rnt,0.0
2003,compen,rnt,0.0
2011,compen,rnt,0.0
2001,compen,rnt,0.0
2008,othtax,pla,0.0
2009,othtax,pla,0.0
2005,othtax,pla,0.0
2006,othtax,pla,0.0
2012,othtax,pla,0.0
2014,othtax,pla,0.0
2013,othtax,pla,0.0
1999,othtax,pla,0.0
2002,othtax,pla,0.0
2017,othtax,pla,0.0
2016,othtax,pla,0.0
2015,othtax,pla,0.0
1998,othtax,pla,0.0
2004,othtax,pla,0.0
2000,othtax,pla,0.0
1997,othtax,pla,0.0
2007,othtax,pla,0.0
2010,othtax,pla,0.0
2003,othtax,pla,0.0
2011,othtax,pla,0.0
2001,othtax,pla,0.0
2008,surplus,pla,0.0
2009,surplus,pla,0.0
2005,surplus,pla,0.0
2006,surplus,pla,0.0
2012,surplus,pla,0.0
2014,surplus,pla,0.0
2013,surplus,pla,0.0
1999,surplus,pla,0.0
2002,surplus,pla,0.0
2017,surplus,pla,0.0
2016,surplus,pla,0.0
2015,surplus,pla,0.0
1998,surplus,pla,0.0
2004,surplus,pla,0.0
2000,surplus,pla,0.0
1997,surplus,pla,0.0
2007,surplus,pla,0.0
2010,surplus,pla,0.0
2003,surplus,pla,0.0
2011,surplus,pla,0.0
2001,surplus,pla,0.0
2008,compen,pla,0.0
2009,compen,pla,0.0
2005,compen,pla,0.0
2006,compen,pla,0.0
2012,compen,pla,0.0
2014,compen,pla,0.0
2013,compen,pla,0.0
1999,compen,pla,0.0
2002,compen,pla,0.0
2017,compen,pla,0.0
2016,compen,pla,0.0
2015,compen,pla,0.0
1998,compen,pla,0.0
2004,compen,pla,0.0
2000,compen,pla,0.0
1997,compen,pla,0.0
2007,compen,pla,0.0
2010,compen,pla,0.0
2003,compen,pla,0.0
2011,compen,pla,0.0
2001,compen,pla,0.0
2008,othtax,fof,0.0
2009,othtax,fof,0.0
2005,othtax,fof,0.0
2006,othtax,fof,0.0
2012,othtax,fof,0.0
2014,othtax,fof,0.0
2013,othtax,fof,0.0
1999,othtax,fof,0.0
2002,othtax,fof,0.0
2017,othtax,fof,0.0
2016,othtax,fof,0.0
2015,othtax,fof,0.0
1998,othtax,fof,0.0
2004,othtax,fof,0.0
2000,othtax,fof,0.0
1997,othtax,fof,0.0
2007,othtax,fof,0.0
2010,othtax,fof,0.0
2003,othtax,fof,0.0
2011,othtax,fof,0.0
2001,othtax,fof,0.0
2008,surplus,fof,0.0
2009,surplus,fof,0.0
2005,surplus,fof,0.0
2006,surplus,fof,0.0
2012,surplus,fof,0.0
2014,surplus,fof,0.0
2013,surplus,fof,0.0
1999,surplus,fof,0.0
2002,surplus,fof,0.0
2017,surplus,fof,0.0
2016,surplus,fof,0.0
2015,surplus,fof,0.0
1998,surplus,fof,0.0
2004,surplus,fof,0.0
2000,surplus,fof,0.0
1997,surplus,fof,0.0
2007,surplus,fof,0.0
2010,surplus,fof,0.0
2003,surplus,fof,0.0
2011,surplus,fof,0.0
2001,surplus,fof,0.0
2008,compen,fof,0.0
2009,compen,fof,0.0
2005,compen,fof,0.0
2006,compen,fof,0.0
2012,compen,fof,0.0
2014,compen,fof,0.0
2013,compen,fof,0.0
1999,compen,fof,0.0
2002,compen,fof,0.0
2017,compen,fof,0.0
2016,compen,fof,0.0
2015,compen,fof,0.0
1998,compen,fof,0.0
2004,compen,fof,0.0
2000,compen,fof,0.0
1997,compen,fof,0.0
2007,compen,fof,0.0
2010,compen,fof,0.0
2003,compen,fof,0.0
2011,compen,fof,0.0
2001,compen,fof,0.0
2008,othtax,fin,0.0
2009,othtax,fin,0.0
2005,othtax,fin,0.0
2006,othtax,fin,0.0
2012,othtax,fin,0.0
2014,othtax,fin,0.0
2013,othtax,fin,0.0
1999,othtax,fin,0.0
2002,othtax,fin,0.0
2017,othtax,fin,0.0
2016,othtax,fin,0.0
2015,othtax,fin,0.0
1998,othtax,fin,0.0
2004,othtax,fin,0.0
2000,othtax,fin,0.0
1997,othtax,fin,0.0
2007,othtax,fin,0.0
2010,othtax,fin,0.0
2003,othtax,fin,0.0
2011,othtax,fin,0.0
2001,othtax,fin,0.0
2008,surplus,fin,0.0
2009,surplus,fin,0.0
2005,surplus,fin,0.0
2006,surplus,fin,0.0
2012,surplus,fin,0.0
2014,surplus,fin,0.0
2013,surplus,fin,0.0
1999,surplus,fin,0.0
2002,surplus,fin,0.0
2017,surplus,fin,0.0
2016,surplus,fin,0.0
2015,surplus,fin,0.0
1998,surplus,fin,0.0
2004,surplus,fin,0.0
2000,surplus,fin,0.0
1997,surplus,fin,0.0
2007,surplus,fin,0.0
2010,surplus,fin,0.0
2003,surplus,fin,0.0
2011,surplus,fin,0.0
2001,surplus,fin,0.0
2008,compen,fin,0.0
2009,compen,fin,0.0
2005,compen,fin,0.0
2006,compen,fin,0.0
2012,compen,fin,0.0
2014,compen,fin,0.0
2013,compen,fin,0.0
1999,compen,fin,0.0
2002,compen,fin,0.0
2017,compen,fin,0.0
2016,compen,fin,0.0
2015,compen,fin,0.0
1998,compen,fin,0.0
2004,compen,fin,0.0
2000,compen,fin,0.0
1997,compen,fin,0.0
2007,compen,fin,0.0
2010,compen,fin,0.0
2003,compen,fin,0.0
2011,compen,fin,0.0
2001,compen,fin,0.0
2008,othtax,tsv,0.0
2009,othtax,tsv,0.0
2005,othtax,tsv,0.0
2006,othtax,tsv,0.0
2012,othtax,tsv,0.0
2014,othtax,tsv,0.0
2013,othtax,tsv,0.0
1999,othtax,tsv,0.0
2002,othtax,tsv,0.0
2017,othtax,tsv,0.0
2016,othtax,tsv,0.0
2015,othtax,tsv,0.0
1998,othtax,tsv,0.0
2004,othtax,tsv,0.0
2000,othtax,tsv,0.0
1997,othtax,tsv,0.0
2007,othtax,tsv,0.0
2010,othtax,tsv,0.0
2003,othtax,tsv,0.0
2011,othtax,tsv,0.0
2001,othtax,tsv,0.0
2008,surplus,tsv,0.0
2009,surplus,tsv,0.0
2005,surplus,tsv,0.0
2006,surplus,tsv,0.0
2012,surplus,tsv,0.0
2014,surplus,tsv,0.0
2013,surplus,tsv,0.0
1999,surplus,tsv,0.0
2002,surplus,tsv,0.0
2017,surplus,tsv,0.0
2016,surplus,tsv,0.0
2015,surplus,tsv,0.0
1998,surplus,tsv,0.0
2004,surplus,tsv,0.0
2000,surplus,tsv,0.0
1997,surplus,tsv,0.0
2007,surplus,tsv,0.0
2010,surplus,tsv,0.0
2003,surplus,tsv,0.0
2011,surplus,tsv,0.0
2001,surplus,tsv,0.0
2008,compen,tsv,0.0
2009,compen,tsv,0.0
2005,compen,tsv,0.0
2006,compen,tsv,0.0
2012,compen,tsv,0.0
2014,compen,tsv,0.0
2013,compen,tsv,0.0
1999,compen,tsv,0.0
2002,compen,tsv,0.0
2017,compen,tsv,0.0
2016,compen,tsv,0.0
2015,compen,tsv,0.0
1998,compen,tsv,0.0
2004,compen,tsv,0.0
2000,compen,tsv,0.0
1997,compen,tsv,0.0
2007,compen,tsv,0.0
2010,compen,tsv,0.0
2003,compen,tsv,0.0
2011,compen,tsv,0.0
2001,compen,tsv,0.0
2008,othtax,nrs,0.0
2009,othtax,nrs,0.0
2005,othtax,nrs,0.0
2006,othtax,nrs,0.0
2012,othtax,nrs,0.0
2014,othtax,nrs,0.0
2013,othtax,nrs,0.0
1999,othtax,nrs,0.0
2002,othtax,nrs,0.0
2017,othtax,nrs,0.0
2016,othtax,nrs,0.0
2015,othtax,nrs,0.0
1998,othtax,nrs,0.0
2004,othtax,nrs,0.0
2000,othtax,nrs,0.0
1997,othtax,nrs,0.0
2007,othtax,nrs,0.0
2010,othtax,nrs,0.0
2003,othtax,nrs,0.0
2011,othtax,nrs,0.0
2001,othtax,nrs,0.0
2008,surplus,nrs,0.0
2009,surplus,nrs,0.0
2005,surplus,nrs,0.0
2006,surplus,nrs,0.0
2012,surplus,nrs,0.0
2014,surplus,nrs,0.0
2013,surplus,nrs,0.0
1999,surplus,nrs,0.0
2002,surplus,nrs,0.0
2017,surplus,nrs,0.0
2016,surplus,nrs,0.0
2015,surplus,nrs,0.0
1998,surplus,nrs,0.0
2004,surplus,nrs,0.0
2000,surplus,nrs,0.0
1997,surplus,nrs,0.0
2007,surplus,nrs,0.0
2010,surplus,nrs,0.0
2003,surplus,nrs,0.0
2011,surplus,nrs,0.0
2001,surplus,nrs,0.0
2008,compen,nrs,0.0
2009,compen,nrs,0.0
2005,compen,nrs,0.0
2006,compen,nrs,0.0
2012,compen,nrs,0.0
2014,compen,nrs,0.0
2013,compen,nrs,0.0
1999,compen,nrs,0.0
2002,compen,nrs,0.0
2017,compen,nrs,0.0
2016,compen,nrs,0.0
2015,compen,nrs,0.0
1998,compen,nrs,0.0
2004,compen,nrs,0.0
2000,compen,nrs,0.0
1997,compen,nrs,0.0
2007,compen,nrs,0.0
2010,compen,nrs,0.0
2003,compen,nrs,0.0
2011,compen,nrs,0.0
2001,compen,nrs,0.0
2008,othtax,sec,0.0
2009,othtax,sec,0.0
2005,othtax,sec,0.0
2006,othtax,sec,0.0
2012,othtax,sec,0.0
2014,othtax,sec,0.0
2013,othtax,sec,0.0
1999,othtax,sec,0.0
2002,othtax,sec,0.0
2017,othtax,sec,0.0
2016,othtax,sec,0.0
2015,othtax,sec,0.0
1998,othtax,sec,0.0
2004,othtax,sec,0.0
2000,othtax,sec,0.0
1997,othtax,sec,0.0
2007,othtax,sec,0.0
2010,othtax,sec,0.0
2003,othtax,sec,0.0
2011,othtax,sec,0.0
2001,othtax,sec,0.0
2008,surplus,sec,0.0
2009,surplus,sec,0.0
2005,surplus,sec,0.0
2006,surplus,sec,0.0
2012,surplus,sec,0.0
2014,surplus,sec,0.0
2013,surplus,sec,0.0
1999,surplus,sec,0.0
2002,surplus,sec,0.0
2017,surplus,sec,0.0
2016,surplus,sec,0.0
2015,surplus,sec,0.0
1998,surplus,sec,0.0
2004,surplus,sec,0.0
2000,surplus,sec,0.0
1997,surplus,sec,0.0
2007,surplus,sec,0.0
2010,surplus,sec,0.0
2003,surplus,sec,0.0
2011,surplus,sec,0.0
2001,surplus,sec,0.0
2008,compen,sec,0.0
2009,compen,sec,0.0
2005,compen,sec,0.0
2006,compen,sec,0.0
2012,compen,sec,0.0
2014,compen,sec,0.0
2013,compen,sec,0.0
1999,compen,sec,0.0
2002,compen,sec,0.0
2017,compen,sec,0.0
2016,compen,sec,0.0
2015,compen,sec,0.0
1998,compen,sec,0.0
2004,compen,sec,0.0
2000,compen,sec,0.0
1997,compen,sec,0.0
2007,compen,sec,0.0
2010,compen,sec,0.0
2003,compen,sec,0.0
2011,compen,sec,0.0
2001,compen,sec,0.0
2008,othtax,art,0.0
2009,othtax,art,0.0
2005,othtax,art,0.0
2006,othtax,art,0.0
2012,othtax,art,0.0
2014,othtax,art,0.0
2013,othtax,art,0.0
1999,othtax,art,0.0
2002,othtax,art,0.0
2017,othtax,art,0.0
2016,othtax,art,0.0
2015,othtax,art,0.0
1998,othtax,art,0.0
2004,othtax,art,0.0
2000,othtax,art,0.0
1997,othtax,art,0.0
2007,othtax,art,0.0
2010,othtax,art,0.0
2003,othtax,art,0.0
2011,othtax,art,0.0
2001,othtax,art,0.0
2008,surplus,art,0.0
2009,surplus,art,0.0
2005,surplus,art,0.0
2006,surplus,art,0.0
2012,surplus,art,0.0
2014,surplus,art,0.0
2013,surplus,art,0.0
1999,surplus,art,0.0
2002,surplus,art,0.0
2017,surplus,art,0.0
2016,surplus,art,0.0
2015,surplus,art,0.0
1998,surplus,art,0.0
2004,surplus,art,0.0
2000,surplus,art,0.0
1997,surplus,art,0.0
2007,surplus,art,0.0
2010,surplus,art,0.0
2003,surplus,art,0.0
2011,surplus,art,0.0
2001,surplus,art,0.0
2008,compen,art,0.0
2009,compen,art,0.0
2005,compen,art,0.0
2006,compen,art,0.0
2012,compen,art,0.0
2014,compen,art,0.0
2013,compen,art,0.0
1999,compen,art,0.0
2002,compen,art,0.0
2017,compen,art,0.0
2016,compen,art,0.0
2015,compen,art,0.0
1998,compen,art,0.0
2004,compen,art,0.0
2000,compen,art,0.0
1997,compen,art,0.0
2007,compen,art,0.0
2010,compen,art,0.0
2003,compen,art,0.0
2011,compen,art,0.0
2001,compen,art,0.0
2008,othtax,mov,0.0
2009,othtax,mov,0.0
2005,othtax,mov,0.0
2006,othtax,mov,0.0
2012,othtax,mov,0.0
2014,othtax,mov,0.0
2013,othtax,mov,0.0
1999,othtax,mov,0.0
2002,othtax,mov,0.0
2017,othtax,mov,0.0
2016,othtax,mov,0.0
2015,othtax,mov,0.0
1998,othtax,mov,0.0
2004,othtax,mov,0.0
2000,othtax,mov,0.0
1997,othtax,mov,0.0
2007,othtax,mov,0.0
2010,othtax,mov,0.0
2003,othtax,mov,0.0
2011,othtax,mov,0.0
2001,othtax,mov,0.0
2008,surplus,mov,0.0
2009,surplus,mov,0.0
2005,surplus,mov,0.0
2006,surplus,mov,0.0
2012,surplus,mov,0.0
2014,surplus,mov,0.0
2013,surplus,mov,0.0
1999,surplus,mov,0.0
2002,surplus,mov,0.0
2017,surplus,mov,0.0
2016,surplus,mov,0.0
2015,surplus,mov,0.0
1998,surplus,mov,0.0
2004,surplus,mov,0.0
2000,surplus,mov,0.0
1997,surplus,mov,0.0
2007,surplus,mov,0.0
2010,surplus,mov,0.0
2003,surplus,mov,0.0
2011,surplus,mov,0.0
2001,surplus,mov,0.0
2008,compen,mov,0.0
2009,compen,mov,0.0
2005,compen,mov,0.0
2006,compen,mov,0.0
2012,compen,mov,0.0
2014,compen,mov,0.0
2013,compen,mov,0.0
1999,compen,mov,0.0
2002,compen,mov,0.0
2017,compen,mov,0.0
2016,compen,mov,0.0
2015,compen,mov,0.0
1998,compen,mov,0.0
2004,compen,mov,0.0
2000,compen,mov,0.0
1997,compen,mov,0.0
2007,compen,mov,0.0
2010,compen,mov,0.0
2003,compen,mov,0.0
2011,compen,mov,0.0
2001,compen,mov,0.0
2008,othtax,fpd,0.0
2009,othtax,fpd,0.0
2005,othtax,fpd,0.0
2006,othtax,fpd,0.0
2012,othtax,fpd,0.0
2014,othtax,fpd,0.0
2013,othtax,fpd,0.0
1999,othtax,fpd,0.0
2002,othtax,fpd,0.0
2017,othtax,fpd,0.0
2016,othtax,fpd,0.0
2015,othtax,fpd,0.0
1998,othtax,fpd,0.0
2004,othtax,fpd,0.0
2000,othtax,fpd,0.0
1997,othtax,fpd,0.0
2007,othtax,fpd,0.0
2010,othtax,fpd,0.0
2003,othtax,fpd,0.0
2011,othtax,fpd,0.0
2001,othtax,fpd,0.0
2008,surplus,fpd,0.0
2009,surplus,fpd,0.0
2005,surplus,fpd,0.0
2006,surplus,fpd,0.0
2012,surplus,fpd,0.0
2014,surplus,fpd,0.0
2013,surplus,fpd,0.0
1999,surplus,fpd,0.0
2002,surplus,fpd,0.0
2017,surplus,fpd,0.0
2016,surplus,fpd,0.0
2015,surplus,fpd,0.0
1998,surplus,fpd,0.0
2004,surplus,fpd,0.0
2000,surplus,fpd,0.0
1997,surplus,fpd,0.0
2007,surplus,fpd,0.0
2010,surplus,fpd,0.0
2003,surplus,fpd,0.0
2011,surplus,fpd,0.0
2001,surplus,fpd,0.0
2008,compen,fpd,0.0
2009,compen,fpd,0.0
2005,compen,fpd,0.0
2006,compen,fpd,0.0
2012,compen,fpd,0.0
2014,compen,fpd,0.0
2013,compen,fpd,0.0
1999,compen,fpd,0.0
2002,compen,fpd,0.0
2017,compen,fpd,0.0
2016,compen,fpd,0.0
2015,compen,fpd,0.0
1998,compen,fpd,0.0
2004,compen,fpd,0.0
2000,compen,fpd,0.0
1997,compen,fpd,0.0
2007,compen,fpd,0.0
2010,compen,fpd,0.0
2003,compen,fpd,0.0
2011,compen,fpd,0.0
2001,compen,fpd,0.0
2008,othtax,slg,0.0
2009,othtax,slg,0.0
2005,othtax,slg,0.0
2006,othtax,slg,0.0
2012,othtax,slg,0.0
2014,othtax,slg,0.0
2013,othtax,slg,0.0
1999,othtax,slg,0.0
2002,othtax,slg,0.0
2017,othtax,slg,0.0
2016,othtax,slg,0.0
2015,othtax,slg,0.0
1998,othtax,slg,0.0
2004,othtax,slg,0.0
2000,othtax,slg,0.0
1997,othtax,slg,0.0
2007,othtax,slg,0.0
2010,othtax,slg,0.0
2003,othtax,slg,0.0
2011,othtax,slg,0.0
2001,othtax,slg,0.0
2008,surplus,slg,0.0
2009,surplus,slg,0.0
2005,surplus,slg,0.0
2006,surplus,slg,0.0
2012,surplus,slg,0.0
2014,surplus,slg,0.0
2013,surplus,slg,0.0
1999,surplus,slg,0.0
2002,surplus,slg,0.0
2017,surplus,slg,0.0
2016,surplus,slg,0.0
2015,surplus,slg,0.0
1998,surplus,slg,0.0
2004,surplus,slg,0.0
2000,surplus,slg,0.0
1997,surplus,slg,0.0
2007,surplus,slg,0.0
2010,surplus,slg,0.0
2003,surplus,slg,0.0
2011,surplus,slg,0.0
2001,surplus,slg,0.0
2008,compen,slg,0.0
2009,compen,slg,0.0
2005,compen,slg,0.0
2006,compen,slg,0.0
2012,compen,slg,0.0
2014,compen,slg,0.0
2013,compen,slg,0.0
1999,compen,slg,0.0
2002,compen,slg,0.0
2017,compen,slg,0.0
2016,compen,slg,0.0
2015,compen,slg,0.0
1998,compen,slg,0.0
2004,compen,slg,0.0
2000,compen,slg,0.0
1997,compen,slg,0.0
2007,compen,slg,0.0
2010,compen,slg,0.0
2003,compen,slg,0.0
2011,compen,slg,0.0
2001,compen,slg,0.0
2008,othtax,pri,0.0
2009,othtax,pri,0.0
2005,othtax,pri,0.0
2006,othtax,pri,0.0
2012,othtax,pri,0.0
2014,othtax,pri,0.0
2013,othtax,pri,0.0
1999,othtax,pri,0.0
2002,othtax,pri,0.0
2017,othtax,pri,0.0
2016,othtax,pri,0.0
2015,othtax,pri,0.0
1998,othtax,pri,0.0
2004,othtax,pri,0.0
2000,othtax,pri,0.0
1997,othtax,pri,0.0
2007,othtax,pri,0.0
2010,othtax,pri,0.0
2003,othtax,pri,0.0
2011,othtax,pri,0.0
2001,othtax,pri,0.0
2008,surplus,pri,0.0
2009,surplus,pri,0.0
2005,surplus,pri,0.0
2006,surplus,pri,0.0
2012,surplus,pri,0.0
2014,surplus,pri,0.0
2013,surplus,pri,0.0
1999,surplus,pri,0.0
2002,surplus,pri,0.0
2017,surplus,pri,0.0
2016,surplus,pri,0.0
2015,surplus,pri,0.0
1998,surplus,pri,0.0
2004,surplus,pri,0.0
2000,surplus,pri,0.0
1997,surplus,pri,0.0
2007,surplus,pri,0.0
2010,surplus,pri,0.0
2003,surplus,pri,0.0
2011,surplus,pri,0.0
2001,surplus,pri,0.0
2008,compen,pri,0.0
2009,compen,pri,0.0
2005,compen,pri,0.0
2006,compen,pri,0.0
2012,compen,pri,0.0
2014,compen,pri,0.0
2013,compen,pri,0.0
1999,compen,pri,0.0
2002,compen,pri,0.0
2017,compen,pri,0.0
2016,compen,pri,0.0
2015,compen,pri,0.0
1998,compen,pri,0.0
2004,compen,pri,0.0
2000,compen,pri,0.0
1997,compen,pri,0.0
2007,compen,pri,0.0
2010,compen,pri,0.0
2003,compen,pri,0.0
2011,compen,pri,0.0
2001,compen,pri,0.0
2008,othtax,grd,0.0
2009,othtax,grd,0.0
2005,othtax,grd,0.0
2006,othtax,grd,0.0
2012,othtax,grd,0.0
2014,othtax,grd,0.0
2013,othtax,grd,0.0
1999,othtax,grd,0.0
2002,othtax,grd,0.0
2017,othtax,grd,0.0
2016,othtax,grd,0.0
2015,othtax,grd,0.0
1998,othtax,grd,0.0
2004,othtax,grd,0.0
2000,othtax,grd,0.0
1997,othtax,grd,0.0
2007,othtax,grd,0.0
2010,othtax,grd,0.0
2003,othtax,grd,0.0
2011,othtax,grd,0.0
2001,othtax,grd,0.0
2008,surplus,grd,0.0
2009,surplus,grd,0.0
2005,surplus,grd,0.0
2006,surplus,grd,0.0
2012,surplus,grd,0.0
2014,surplus,grd,0.0
2013,surplus,grd,0.0
1999,surplus,grd,0.0
2002,surplus,grd,0.0
2017,surplus,grd,0.0
2016,surplus,grd,0.0
2015,surplus,grd,0.0
1998,surplus,grd,0.0
2004,surplus,grd,0.0
2000,surplus,grd,0.0
1997,surplus,grd,0.0
2007,surplus,grd,0.0
2010,surplus,grd,0.0
2003,surplus,grd,0.0
2011,surplus,grd,0.0
2001,surplus,grd,0.0
2008,compen,grd,0.0
2009,compen,grd,0.0
2005,compen,grd,0.0
2006,compen,grd,0.0
2012,compen,grd,0.0
2014,compen,grd,0.0
2013,compen,grd,0.0
1999,compen,grd,0.0
2002,compen,grd,0.0
2017,compen,grd,0.0
2016,compen,grd,0.0
2015,compen,grd,0.0
1998,compen,grd,0.0
2004,compen,grd,0.0
2000,compen,grd,0.0
1997,compen,grd,0.0
2007,compen,grd,0.0
2010,compen,grd,0.0
2003,compen,grd,0.0
2011,compen,grd,0.0
2001,compen,grd,0.0
2008,othtax,pip,0.0
2009,othtax,pip,0.0
2005,othtax,pip,0.0
2006,othtax,pip,0.0
2012,othtax,pip,0.0
2014,othtax,pip,0.0
2013,othtax,pip,0.0
1999,othtax,pip,0.0
2002,othtax,pip,0.0
2017,othtax,pip,0.0
2016,othtax,pip,0.0
2015,othtax,pip,0.0
1998,othtax,pip,0.0
2004,othtax,pip,0.0
2000,othtax,pip,0.0
1997,othtax,pip,0.0
2007,othtax,pip,0.0
2010,othtax,pip,0.0
2003,othtax,pip,0.0
2011,othtax,pip,0.0
2001,othtax,pip,0.0
2008,surplus,pip,0.0
2009,surplus,pip,0.0
2005,surplus,pip,0.0
2006,surplus,pip,0.0
2012,surplus,pip,0.0
2014,surplus,pip,0.0
2013,surplus,pip,0.0
1999,surplus,pip,0.0
2002,surplus,pip,0.0
2017,surplus,pip,0.0
2016,surplus,pip,0.0
2015,surplus,pip,0.0
1998,surplus,pip,0.0
2004,surplus,pip,0.0
2000,surplus,pip,0.0
1997,surplus,pip,0.0
2007,surplus,pip,0.0
2010,surplus,pip,0.0
2003,surplus,pip,0.0
2011,surplus,pip,0.0
2001,surplus,pip,0.0
2008,compen,pip,0.0
2009,compen,pip,0.0
2005,compen,pip,0.0
2006,compen,pip,0.0
2012,compen,pip,0.0
2014,compen,pip,0.0
2013,compen,pip,0.0
1999,compen,pip,0.0
2002,compen,pip,0.0
2017,compen,pip,0.0
2016,compen,pip,0.0
2015,compen,pip,0.0
1998,compen,pip,0.0
2004,compen,pip,0.0
2000,compen,pip,0.0
1997,compen,pip,0.0
2007,compen,pip,0.0
2010,compen,pip,0.0
2003,compen,pip,0.0
2011,compen,pip,0.0
2001,compen,pip,0.0
2008,othtax,sle,0.0
2009,othtax,sle,0.0
2005,othtax,sle,0.0
2006,othtax,sle,0.0
2012,othtax,sle,0.0
2014,othtax,sle,0.0
2013,othtax,sle,0.0
1999,othtax,sle,0.0
2002,othtax,sle,0.0
2017,othtax,sle,0.0
2016,othtax,sle,0.0
2015,othtax,sle,0.0
1998,othtax,sle,0.0
2004,othtax,sle,0.0
2000,othtax,sle,0.0
1997,othtax,sle,0.0
2007,othtax,sle,0.0
2010,othtax,sle,0.0
2003,othtax,sle,0.0
2011,othtax,sle,0.0
2001,othtax,sle,0.0
2008,surplus,sle,0.0
2009,surplus,sle,0.0
2005,surplus,sle,0.0
2006,surplus,sle,0.0
2012,surplus,sle,0.0
2014,surplus,sle,0.0
2013,surplus,sle,0.0
1999,surplus,sle,0.0
2002,surplus,sle,0.0
2017,surplus,sle,0.0
2016,surplus,sle,0.0
2015,surplus,sle,0.0
1998,surplus,sle,0.0
2004,surplus,sle,0.0
2000,surplus,sle,0.0
1997,surplus,sle,0.0
2007,surplus,sle,0.0
2010,surplus,sle,0.0
2003,surplus,sle,0.0
2011,surplus,sle,0.0
2001,surplus,sle,0.0
2008,compen,sle,0.0
2009,compen,sle,0.0
2005,compen,sle,0.0
2006,compen,sle,0.0
2012,compen,sle,0.0
2014,compen,sle,0.0
2013,compen,sle,0.0
1999,compen,sle,0.0
2002,compen,sle,0.0
2017,compen,sle,0.0
2016,compen,sle,0.0
2015,compen,sle,0.0
1998,compen,sle,0.0
2004,compen,sle,0.0
2000,compen,sle,0.0
1997,compen,sle,0.0
2007,compen,sle,0.0
2010,compen,sle,0.0
2003,compen,sle,0.0
2011,compen,sle,0.0
2001,compen,sle,0.0
2008,othtax,osv,0.0
2009,othtax,osv,0.0
2005,othtax,osv,0.0
2006,othtax,osv,0.0
2012,othtax,osv,0.0
2014,othtax,osv,0.0
2013,othtax,osv,0.0
1999,othtax,osv,0.0
2002,othtax,osv,0.0
2017,othtax,osv,0.0
2016,othtax,osv,0.0
2015,othtax,osv,0.0
1998,othtax,osv,0.0
2004,othtax,osv,0.0
2000,othtax,osv,0.0
1997,othtax,osv,0.0
2007,othtax,osv,0.0
2010,othtax,osv,0.0
2003,othtax,osv,0.0
2011,othtax,osv,0.0
2001,othtax,osv,0.0
2008,surplus,osv,0.0
2009,surplus,osv,0.0
2005,surplus,osv,0.0
2006,surplus,osv,0.0
2012,surplus,osv,0.0
2014,surplus,osv,0.0
2013,surplus,osv,0.0
1999,surplus,osv,0.0
2002,surplus,osv,0.0
2017,surplus,osv,0.0
2016,surplus,osv,0.0
2015,surplus,osv,0.0
1998,surplus,osv,0.0
2004,surplus,osv,0.0
2000,surplus,osv,0.0
1997,surplus,osv,0.0
2007,surplus,osv,0.0
2010,surplus,osv,0.0
2003,surplus,osv,0.0
2011,surplus,osv,0.0
2001,surplus,osv,0.0
2008,compen,osv,0.0
2009,compen,osv,0.0
2005,compen,osv,0.0
2006,compen,osv,0.0
2012,compen,osv,0.0
2014,compen,osv,0.0
2013,compen,osv,0.0
1999,compen,osv,0.0
2002,compen,osv,0.0
2017,compen,osv,0.0
2016,compen,osv,0.0
2015,compen,osv,0.0
1998,compen,osv,0.0
2004,compen,osv,0.0
2000,compen,osv,0.0
1997,compen,osv,0.0
2007,compen,osv,0.0
2010,compen,osv,0.0
2003,compen,osv,0.0
2011,compen,osv,0.0
2001,compen,osv,0.0
2008,othtax,trn,0.0
2009,othtax,trn,0.0
2005,othtax,trn,0.0
2006,othtax,trn,0.0
2012,othtax,trn,0.0
2014,othtax,trn,0.0
2013,othtax,trn,0.0
1999,othtax,trn,0.0
2002,othtax,trn,0.0
2017,othtax,trn,0.0
2016,othtax,trn,0.0
2015,othtax,trn,0.0
1998,othtax,trn,0.0
2004,othtax,trn,0.0
2000,othtax,trn,0.0
1997,othtax,trn,0.0
2007,othtax,trn,0.0
2010,othtax,trn,0.0
2003,othtax,trn,0.0
2011,othtax,trn,0.0
2001,othtax,trn,0.0
2008,surplus,trn,0.0
2009,surplus,trn,0.0
2005,surplus,trn,0.0
2006,surplus,trn,0.0
2012,surplus,trn,0.0
2014,surplus,trn,0.0
2013,surplus,trn,0.0
1999,surplus,trn,0.0
2002,surplus,trn,0.0
2017,surplus,trn,0.0
2016,surplus,trn,0.0
2015,surplus,trn,0.0
1998,surplus,trn,0.0
2004,surplus,trn,0.0
2000,surplus,trn,0.0
1997,surplus,trn,0.0
2007,surplus,trn,0.0
2010,surplus,trn,0.0
2003,surplus,trn,0.0
2011,surplus,trn,0.0
2001,surplus,trn,0.0
2008,compen,trn,0.0
2009,compen,trn,0.0
2005,compen,trn,0.0
2006,compen,trn,0.0
2012,compen,trn,0.0
2014,compen,trn,0.0
2013,compen,trn,0.0
1999,compen,trn,0.0
2002,compen,trn,0.0
2017,compen,trn,0.0
2016,compen,trn,0.0
2015,compen,trn,0.0
1998,compen,trn,0.0
2004,compen,trn,0.0
2000,compen,trn,0.0
1997,compen,trn,0.0
2007,compen,trn,0.0
2010,compen,trn,0.0
2003,compen,trn,0.0
2011,compen,trn,0.0
2001,compen,trn,0.0
2008,othtax,smn,0.0
2009,othtax,smn,0.0
2005,othtax,smn,0.0
2006,othtax,smn,0.0
2012,othtax,smn,0.0
2014,othtax,smn,0.0
2013,othtax,smn,0.0
1999,othtax,smn,0.0
2002,othtax,smn,0.0
2017,othtax,smn,0.0
2016,othtax,smn,0.0
2015,othtax,smn,0.0
1998,othtax,smn,0.0
2004,othtax,smn,0.0
2000,othtax,smn,0.0
1997,othtax,smn,0.0
2007,othtax,smn,0.0
2010,othtax,smn,0.0
2003,othtax,smn,0.0
2011,othtax,smn,0.0
2001,othtax,smn,0.0
2008,surplus,smn,0.0
2009,surplus,smn,0.0
2005,surplus,smn,0.0
2006,surplus,smn,0.0
2012,surplus,smn,0.0
2014,surplus,smn,0.0
2013,surplus,smn,0.0
1999,surplus,smn,0.0
2002,surplus,smn,0.0
2017,surplus,smn,0.0
2016,surplus,smn,0.0
2015,surplus,smn,0.0
1998,surplus,smn,0.0
2004,surplus,smn,0.0
2000,surplus,smn,0.0
1997,surplus,smn,0.0
2007,surplus,smn,0.0
2010,surplus,smn,0.0
2003,surplus,smn,0.0
2011,surplus,smn,0.0
2001,surplus,smn,0.0
2008,compen,smn,0.0
2009,compen,smn,0.0
2005,compen,smn,0.0
2006,compen,smn,0.0
2012,compen,smn,0.0
2014,compen,smn,0.0
2013,compen,smn,0.0
1999,compen,smn,0.0
2002,compen,smn,0.0
2017,compen,smn,0.0
2016,compen,smn,0.0
2015,compen,smn,0.0
1998,compen,smn,0.0
2004,compen,smn,0.0
2000,compen,smn,0.0
1997,compen,smn,0.0
2007,compen,smn,0.0
2010,compen,smn,0.0
2003,compen,smn,0.0
2011,compen,smn,0.0
2001,compen,smn,0.0
2008,othtax,fmt,0.0
2009,othtax,fmt,0.0
2005,othtax,fmt,0.0
2006,othtax,fmt,0.0
2012,othtax,fmt,0.0
2014,othtax,fmt,0.0
2013,othtax,fmt,0.0
1999,othtax,fmt,0.0
2002,othtax,fmt,0.0
2017,othtax,fmt,0.0
2016,othtax,fmt,0.0
2015,othtax,fmt,0.0
1998,othtax,fmt,0.0
2004,othtax,fmt,0.0
2000,othtax,fmt,0.0
1997,othtax,fmt,0.0
2007,othtax,fmt,0.0
2010,othtax,fmt,0.0
2003,othtax,fmt,0.0
2011,othtax,fmt,0.0
2001,othtax,fmt,0.0
2008,surplus,fmt,0.0
2009,surplus,fmt,0.0
2005,surplus,fmt,0.0
2006,surplus,fmt,0.0
2012,surplus,fmt,0.0
2014,surplus,fmt,0.0
2013,surplus,fmt,0.0
1999,surplus,fmt,0.0
2002,surplus,fmt,0.0
2017,surplus,fmt,0.0
2016,surplus,fmt,0.0
2015,surplus,fmt,0.0
1998,surplus,fmt,0.0
2004,surplus,fmt,0.0
2000,surplus,fmt,0.0
1997,surplus,fmt,0.0
2007,surplus,fmt,0.0
2010,surplus,fmt,0.0
2003,surplus,fmt,0.0
2011,surplus,fmt,0.0
2001,surplus,fmt,0.0
2008,compen,fmt,0.0
2009,compen,fmt,0.0
2005,compen,fmt,0.0
2006,compen,fmt,0.0
2012,compen,fmt,0.0
2014,compen,fmt,0.0
2013,compen,fmt,0.0
1999,compen,fmt,0.0
2002,compen,fmt,0.0
2017,compen,fmt,0.0
2016,compen,fmt,0.0
2015,compen,fmt,0.0
1998,compen,fmt,0.0
2004,compen,fmt,0.0
2000,compen,fmt,0.0
1997,compen,fmt,0.0
2007,compen,fmt,0.0
2010,compen,fmt,0.0
2003,compen,fmt,0.0
2011,compen,fmt,0.0
2001,compen,fmt,0.0
2008,othtax,pet,0.0
2009,othtax,pet,0.0
2005,othtax,pet,0.0
2006,othtax,pet,0.0
2012,othtax,pet,0.0
2014,othtax,pet,0.0
2013,othtax,pet,0.0
1999,othtax,pet,0.0
2002,othtax,pet,0.0
2017,othtax,pet,0.0
2016,othtax,pet,0.0
2015,othtax,pet,0.0
1998,othtax,pet,0.0
2004,othtax,pet,0.0
2000,othtax,pet,0.0
1997,othtax,pet,0.0
2007,othtax,pet,0.0
2010,othtax,pet,0.0
2003,othtax,pet,0.0
2011,othtax,pet,0.0
2001,othtax,pet,0.0
2008,surplus,pet,0.0
2009,surplus,pet,0.0
2005,surplus,pet,0.0
2006,surplus,pet,0.0
2012,surplus,pet,0.0
2014,surplus,pet,0.0
2013,surplus,pet,0.0
1999,surplus,pet,0.0
2002,surplus,pet,0.0
2017,surplus,pet,0.0
2016,surplus,pet,0.0
2015,surplus,pet,0.0
1998,surplus,pet,0.0
2004,surplus,pet,0.0
2000,surplus,pet,0.0
1997,surplus,pet,0.0
2007,surplus,pet,0.0
2010,surplus,pet,0.0
2003,surplus,pet,0.0
2011,surplus,pet,0.0
2001,surplus,pet,0.0
2008,compen,pet,0.0
2009,compen,pet,0.0
2005,compen,pet,0.0
2006,compen,pet,0.0
2012,compen,pet,0.0
2014,compen,pet,0.0
2013,compen,pet,0.0
1999,compen,pet,0.0
2002,compen,pet,0.0
2017,compen,pet,0.0
2016,compen,pet,0.0
2015,compen,pet,0.0
1998,compen,pet,0.0
2004,compen,pet,0.0
2000,compen,pet,0.0
1997,compen,pet,0.0
2007,compen,pet,0.0
2010,compen,pet,0.0
2003,compen,pet,0.0
2011,compen,pet,0.0
2001,compen,pet,0.0
2008,othtax,mvt,0.0
2009,othtax,mvt,0.0
2005,othtax,mvt,0.0
2006,othtax,mvt,0.0
2012,othtax,mvt,0.0
2014,othtax,mvt,0.0
2013,othtax,mvt,0.0
1999,othtax,mvt,0.0
2002,othtax,mvt,0.0
2017,othtax,mvt,0.0
2016,othtax,mvt,0.0
2015,othtax,mvt,0.0
1998,othtax,mvt,0.0
2004,othtax,mvt,0.0
2000,othtax,mvt,0.0
1997,othtax,mvt,0.0
2007,othtax,mvt,0.0
2010,othtax,mvt,0.0
2003,othtax,mvt,0.0
2011,othtax,mvt,0.0
2001,othtax,mvt,0.0
2008,surplus,mvt,0.0
2009,surplus,mvt,0.0
2005,surplus,mvt,0.0
2006,surplus,mvt,0.0
2012,surplus,mvt,0.0
2014,surplus,mvt,0.0
2013,surplus,mvt,0.0
1999,surplus,mvt,0.0
2002,surplus,mvt,0.0
2017,surplus,mvt,0.0
2016,surplus,mvt,0.0
2015,surplus,mvt,0.0
1998,surplus,mvt,0.0
2004,surplus,mvt,0.0
2000,surplus,mvt,0.0
1997,surplus,mvt,0.0
2007,surplus,mvt,0.0
2010,surplus,mvt,0.0
2003,surplus,mvt,0.0
2011,surplus,mvt,0.0
2001,surplus,mvt,0.0
2008,compen,mvt,0.0
2009,compen,mvt,0.0
2005,compen,mvt,0.0
2006,compen,mvt,0.0
2012,compen,mvt,0.0
2014,compen,mvt,0.0
2013,compen,mvt,0.0
1999,compen,mvt,0.0
2002,compen,mvt,0.0
2017,compen,mvt,0.0
2016,compen,mvt,0.0
2015,compen,mvt,0.0
1998,compen,mvt,0.0
2004,compen,mvt,0.0
2000,compen,mvt,0.0
1997,compen,mvt,0.0
2007,compen,mvt,0.0
2010,compen,mvt,0.0
2003,compen,mvt,0.0
2011,compen,mvt,0.0
2001,compen,mvt,0.0
2008,othtax,cep,0.0
2009,othtax,cep,0.0
2005,othtax,cep,0.0
2006,othtax,cep,0.0
2012,othtax,cep,0.0
2014,othtax,cep,0.0
2013,othtax,cep,0.0
1999,othtax,cep,0.0
2002,othtax,cep,0.0
2017,othtax,cep,0.0
2016,othtax,cep,0.0
2015,othtax,cep,0.0
1998,othtax,cep,0.0
2004,othtax,cep,0.0
2000,othtax,cep,0.0
1997,othtax,cep,0.0
2007,othtax,cep,0.0
2010,othtax,cep,0.0
2003,othtax,cep,0.0
2011,othtax,cep,0.0
2001,othtax,cep,0.0
2008,surplus,cep,0.0
2009,surplus,cep,0.0
2005,surplus,cep,0.0
2006,surplus,cep,0.0
2012,surplus,cep,0.0
2014,surplus,cep,0.0
2013,surplus,cep,0.0
1999,surplus,cep,0.0
2002,surplus,cep,0.0
2017,surplus,cep,0.0
2016,surplus,cep,0.0
2015,surplus,cep,0.0
1998,surplus,cep,0.0
2004,surplus,cep,0.0
2000,surplus,cep,0.0
1997,surplus,cep,0.0
2007,surplus,cep,0.0
2010,surplus,cep,0.0
2003,surplus,cep,0.0
2011,surplus,cep,0.0
2001,surplus,cep,0.0
2008,compen,cep,0.0
2009,compen,cep,0.0
2005,compen,cep,0.0
2006,compen,cep,0.0
2012,compen,cep,0.0
2014,compen,cep,0.0
2013,compen,cep,0.0
1999,compen,cep,0.0
2002,compen,cep,0.0
2017,compen,cep,0.0
2016,compen,cep,0.0
2015,compen,cep,0.0
1998,compen,cep,0.0
2004,compen,cep,0.0
2000,compen,cep,0.0
1997,compen,cep,0.0
2007,compen,cep,0.0
2010,compen,cep,0.0
2003,compen,cep,0.0
2011,compen,cep,0.0
2001,compen,cep,0.0
2008,othtax,wst,0.0
2009,othtax,wst,0.0
2005,othtax,wst,0.0
2006,othtax,wst,0.0
2012,othtax,wst,0.0
2014,othtax,wst,0.0
2013,othtax,wst,0.0
1999,othtax,wst,0.0
2002,othtax,wst,0.0
2017,othtax,wst,0.0
2016,othtax,wst,0.0
2015,othtax,wst,0.0
1998,othtax,wst,0.0
2004,othtax,wst,0.0
2000,othtax,wst,0.0
1997,othtax,wst,0.0
2007,othtax,wst,0.0
2010,othtax,wst,0.0
2003,othtax,wst,0.0
2011,othtax,wst,0.0
2001,othtax,wst,0.0
2008,surplus,wst,0.0
2009,surplus,wst,0.0
2005,surplus,wst,0.0
2006,surplus,wst,0.0
2012,surplus,wst,0.0
2014,surplus,wst,0.0
2013,surplus,wst,0.0
1999,surplus,wst,0.0
2002,surplus,wst,0.0
2017,surplus,wst,0.0
2016,surplus,wst,0.0
2015,surplus,wst,0.0
1998,surplus,wst,0.0
2004,surplus,wst,0.0
2000,surplus,wst,0.0
1997,surplus,wst,0.0
2007,surplus,wst,0.0
2010,surplus,wst,0.0
2003,surplus,wst,0.0
2011,surplus,wst,0.0
2001,surplus,wst,0.0
2008,compen,wst,0.0
2009,compen,wst,0.0
2005,compen,wst,0.0
2006,compen,wst,0.0
2012,compen,wst,0.0
2014,compen,wst,0.0
2013,compen,wst,0.0
1999,compen,wst,0.0
2002,compen,wst,0.0
2017,compen,wst,0.0
2016,compen,wst,0.0
2015,compen,wst,0.0
1998,compen,wst,0.0
2004,compen,wst,0.0
2000,compen,wst,0.0
1997,compen,wst,0.0
2007,compen,wst,0.0
2010,compen,wst,0.0
2003,compen,wst,0.0
2011,compen,wst,0.0
2001,compen,wst,0.0
2008,othtax,mot,0.0
2009,othtax,mot,0.0
2005,othtax,mot,0.0
2006,othtax,mot,0.0
2012,othtax,mot,0.0
2014,othtax,mot,0.0
2013,othtax,mot,0.0
1999,othtax,mot,0.0
2002,othtax,mot,0.0
2017,othtax,mot,0.0
2016,othtax,mot,0.0
2015,othtax,mot,0.0
1998,othtax,mot,0.0
2004,othtax,mot,0.0
2000,othtax,mot,0.0
1997,othtax,mot,0.0
2007,othtax,mot,0.0
2010,othtax,mot,0.0
2003,othtax,mot,0.0
2011,othtax,mot,0.0
2001,othtax,mot,0.0
2008,surplus,mot,0.0
2009,surplus,mot,0.0
2005,surplus,mot,0.0
2006,surplus,mot,0.0
2012,surplus,mot,0.0
2014,surplus,mot,0.0
2013,surplus,mot,0.0
1999,surplus,mot,0.0
2002,surplus,mot,0.0
2017,surplus,mot,0.0
2016,surplus,mot,0.0
2015,surplus,mot,0.0
1998,surplus,mot,0.0
2004,surplus,mot,0.0
2000,surplus,mot,0.0
1997,surplus,mot,0.0
2007,surplus,mot,0.0
2010,surplus,mot,0.0
2003,surplus,mot,0.0
2011,surplus,mot,0.0
2001,surplus,mot,0.0
2008,compen,mot,0.0
2009,compen,mot,0.0
2005,compen,mot,0.0
2006,compen,mot,0.0
2012,compen,mot,0.0
2014,compen,mot,0.0
2013,compen,mot,0.0
1999,compen,mot,0.0
2002,compen,mot,0.0
2017,compen,mot,0.0
2016,compen,mot,0.0
2015,compen,mot,0.0
1998,compen,mot,0.0
2004,compen,mot,0.0
2000,compen,mot,0.0
1997,compen,mot,0.0
2007,compen,mot,0.0
2010,compen,mot,0.0
2003,compen,mot,0.0
2011,compen,mot,0.0
2001,compen,mot,0.0
2008,othtax,adm,0.0
2009,othtax,adm,0.0
2005,othtax,adm,0.0
2006,othtax,adm,0.0
2012,othtax,adm,0.0
2014,othtax,adm,0.0
2013,othtax,adm,0.0
1999,othtax,adm,0.0
2002,othtax,adm,0.0
2017,othtax,adm,0.0
2016,othtax,adm,0.0
2015,othtax,adm,0.0
1998,othtax,adm,0.0
2004,othtax,adm,0.0
2000,othtax,adm,0.0
1997,othtax,adm,0.0
2007,othtax,adm,0.0
2010,othtax,adm,0.0
2003,othtax,adm,0.0
2011,othtax,adm,0.0
2001,othtax,adm,0.0
2008,surplus,adm,0.0
2009,surplus,adm,0.0
2005,surplus,adm,0.0
2006,surplus,adm,0.0
2012,surplus,adm,0.0
2014,surplus,adm,0.0
2013,surplus,adm,0.0
1999,surplus,adm,0.0
2002,surplus,adm,0.0
2017,surplus,adm,0.0
2016,surplus,adm,0.0
2015,surplus,adm,0.0
1998,surplus,adm,0.0
2004,surplus,adm,0.0
2000,surplus,adm,0.0
1997,surplus,adm,0.0
2007,surplus,adm,0.0
2010,surplus,adm,0.0
2003,surplus,adm,0.0
2011,surplus,adm,0.0
2001,surplus,adm,0.0
2008,compen,adm,0.0
2009,compen,adm,0.0
2005,compen,adm,0.0
2006,compen,adm,0.0
2012,compen,adm,0.0
2014,compen,adm,0.0
2013,compen,adm,0.0
1999,compen,adm,0.0
2002,compen,adm,0.0
2017,compen,adm,0.0
2016,compen,adm,0.0
2015,compen,adm,0.0
1998,compen,adm,0.0
2004,compen,adm,0.0
2000,compen,adm,0.0
1997,compen,adm,0.0
2007,compen,adm,0.0
2010,compen,adm,0.0
2003,compen,adm,0.0
2011,compen,adm,0.0
2001,compen,adm,0.0
2008,othtax,soc,0.0
2009,othtax,soc,0.0
2005,othtax,soc,0.0
2006,othtax,soc,0.0
2012,othtax,soc,0.0
2014,othtax,soc,0.0
2013,othtax,soc,0.0
1999,othtax,soc,0.0
2002,othtax,soc,0.0
2017,othtax,soc,0.0
2016,othtax,soc,0.0
2015,othtax,soc,0.0
1998,othtax,soc,0.0
2004,othtax,soc,0.0
2000,othtax,soc,0.0
1997,othtax,soc,0.0
2007,othtax,soc,0.0
2010,othtax,soc,0.0
2003,othtax,soc,0.0
2011,othtax,soc,0.0
2001,othtax,soc,0.0
2008,surplus,soc,0.0
2009,surplus,soc,0.0
2005,surplus,soc,0.0
2006,surplus,soc,0.0
2012,surplus,soc,0.0
2014,surplus,soc,0.0
2013,surplus,soc,0.0
1999,surplus,soc,0.0
2002,surplus,soc,0.0
2017,surplus,soc,0.0
2016,surplus,soc,0.0
2015,surplus,soc,0.0
1998,surplus,soc,0.0
2004,surplus,soc,0.0
2000,surplus,soc,0.0
1997,surplus,soc,0.0
2007,surplus,soc,0.0
2010,surplus,soc,0.0
2003,surplus,soc,0.0
2011,surplus,soc,0.0
2001,surplus,soc,0.0
2008,compen,soc,0.0
2009,compen,soc,0.0
2005,compen,soc,0.0
2006,compen,soc,0.0
2012,compen,soc,0.0
2014,compen,soc,0.0
2013,compen,soc,0.0
1999,compen,soc,0.0
2002,compen,soc,0.0
2017,compen,soc,0.0
2016,compen,soc,0.0
2015,compen,soc,0.0
1998,compen,soc,0.0
2004,compen,soc,0.0
2000,compen,soc,0.0
1997,compen,soc,0.0
2007,compen,soc,0.0
2010,compen,soc,0.0
2003,compen,soc,0.0
2011,compen,soc,0.0
2001,compen,soc,0.0
2008,othtax,alt,0.0
2009,othtax,alt,0.0
2005,othtax,alt,0.0
2006,othtax,alt,0.0
2012,othtax,alt,0.0
2014,othtax,alt,0.0
2013,othtax,alt,0.0
1999,othtax,alt,0.0
2002,othtax,alt,0.0
2017,othtax,alt,0.0
2016,othtax,alt,0.0
2015,othtax,alt,0.0
1998,othtax,alt,0.0
2004,othtax,alt,0.0
2000,othtax,alt,0.0
1997,othtax,alt,0.0
2007,othtax,alt,0.0
2010,othtax,alt,0.0
2003,othtax,alt,0.0
2011,othtax,alt,0.0
2001,othtax,alt,0.0
2008,surplus,alt,0.0
2009,surplus,alt,0.0
2005,surplus,alt,0.0
2006,surplus,alt,0.0
2012,surplus,alt,0.0
2014,surplus,alt,0.0
2013,surplus,alt,0.0
1999,surplus,alt,0.0
2002,surplus,alt,0.0
2017,surplus,alt,0.0
2016,surplus,alt,0.0
2015,surplus,alt,0.0
1998,surplus,alt,0.0
2004,surplus,alt,0.0
2000,surplus,alt,0.0
1997,surplus,alt,0.0
2007,surplus,alt,0.0
2010,surplus,alt,0.0
2003,surplus,alt,0.0
2011,surplus,alt,0.0
2001,surplus,alt,0.0
2008,compen,alt,0.0
2009,compen,alt,0.0
2005,compen,alt,0.0
2006,compen,alt,0.0
2012,compen,alt,0.0
2014,compen,alt,0.0
2013,compen,alt,0.0
1999,compen,alt,0.0
2002,compen,alt,0.0
2017,compen,alt,0.0
2016,compen,alt,0.0
2015,compen,alt,0.0
1998,compen,alt,0.0
2004,compen,alt,0.0
2000,compen,alt,0.0
1997,compen,alt,0.0
2007,compen,alt,0.0
2010,compen,alt,0.0
2003,compen,alt,0.0
2011,compen,alt,0.0
2001,compen,alt,0.0
2008,othtax,pmt,0.0
2009,othtax,pmt,0.0
2005,othtax,pmt,0.0
2006,othtax,pmt,0.0
2012,othtax,pmt,0.0
2014,othtax,pmt,0.0
2013,othtax,pmt,0.0
1999,othtax,pmt,0.0
2002,othtax,pmt,0.0
2017,othtax,pmt,0.0
2016,othtax,pmt,0.0
2015,othtax,pmt,0.0
1998,othtax,pmt,0.0
2004,othtax,pmt,0.0
2000,othtax,pmt,0.0
1997,othtax,pmt,0.0
2007,othtax,pmt,0.0
2010,othtax,pmt,0.0
2003,othtax,pmt,0.0
2011,othtax,pmt,0.0
2001,othtax,pmt,0.0
2008,surplus,pmt,0.0
2009,surplus,pmt,0.0
2005,surplus,pmt,0.0
2006,surplus,pmt,0.0
2012,surplus,pmt,0.0
2014,surplus,pmt,0.0
2013,surplus,pmt,0.0
1999,surplus,pmt,0.0
2002,surplus,pmt,0.0
2017,surplus,pmt,0.0
2016,surplus,pmt,0.0
2015,surplus,pmt,0.0
1998,surplus,pmt,0.0
2004,surplus,pmt,0.0
2000,surplus,pmt,0.0
1997,surplus,pmt,0.0
2007,surplus,pmt,0.0
2010,surplus,pmt,0.0
2003,surplus,pmt,0.0
2011,surplus,pmt,0.0
2001,surplus,pmt,0.0
2008,compen,pmt,0.0
2009,compen,pmt,0.0
2005,compen,pmt,0.0
2006,compen,pmt,0.0
2012,compen,pmt,0.0
2014,compen,pmt,0.0
2013,compen,pmt,0.0
1999,compen,pmt,0.0
2002,compen,pmt,0.0
2017,compen,pmt,0.0
2016,compen,pmt,0.0
2015,compen,pmt,0.0
1998,compen,pmt,0.0
2004,compen,pmt,0.0
2000,compen,pmt,0.0
1997,compen,pmt,0.0
2007,compen,pmt,0.0
2010,compen,pmt,0.0
2003,compen,pmt,0.0
2011,compen,pmt,0.0
2001,compen,pmt,0.0
2008,othtax,trk,0.0
2009,othtax,trk,0.0
2005,othtax,trk,0.0
2006,othtax,trk,0.0
2012,othtax,trk,0.0
2014,othtax,trk,0.0
2013,othtax,trk,0.0
1999,othtax,trk,0.0
2002,othtax,trk,0.0
2017,othtax,trk,0.0
2016,othtax,trk,0.0
2015,othtax,trk,0.0
1998,othtax,trk,0.0
2004,othtax,trk,0.0
2000,othtax,trk,0.0
1997,othtax,trk,0.0
2007,othtax,trk,0.0
2010,othtax,trk,0.0
2003,othtax,trk,0.0
2011,othtax,trk,0.0
2001,othtax,trk,0.0
2008,surplus,trk,0.0
2009,surplus,trk,0.0
2005,surplus,trk,0.0
2006,surplus,trk,0.0
2012,surplus,trk,0.0
2014,surplus,trk,0.0
2013,surplus,trk,0.0
1999,surplus,trk,0.0
2002,surplus,trk,0.0
2017,surplus,trk,0.0
2016,surplus,trk,0.0
2015,surplus,trk,0.0
1998,surplus,trk,0.0
2004,surplus,trk,0.0
2000,surplus,trk,0.0
1997,surplus,trk,0.0
2007,surplus,trk,0.0
2010,surplus,trk,0.0
2003,surplus,trk,0.0
2011,surplus,trk,0.0
2001,surplus,trk,0.0
2008,compen,trk,0.0
2009,compen,trk,0.0
2005,compen,trk,0.0
2006,compen,trk,0.0
2012,compen,trk,0.0
2014,compen,trk,0.0
2013,compen,trk,0.0
1999,compen,trk,0.0
2002,compen,trk,0.0
2017,compen,trk,0.0
2016,compen,trk,0.0
2015,compen,trk,0.0
1998,compen,trk,0.0
2004,compen,trk,0.0
2000,compen,trk,0.0
1997,compen,trk,0.0
2007,compen,trk,0.0
2010,compen,trk,0.0
2003,compen,trk,0.0
2011,compen,trk,0.0
2001,compen,trk,0.0
2008,othtax,fdd,0.0
2009,othtax,fdd,0.0
2005,othtax,fdd,0.0
2006,othtax,fdd,0.0
2012,othtax,fdd,0.0
2014,othtax,fdd,0.0
2013,othtax,fdd,0.0
1999,othtax,fdd,0.0
2002,othtax,fdd,0.0
2017,othtax,fdd,0.0
2016,othtax,fdd,0.0
2015,othtax,fdd,0.0
1998,othtax,fdd,0.0
2004,othtax,fdd,0.0
2000,othtax,fdd,0.0
1997,othtax,fdd,0.0
2007,othtax,fdd,0.0
2010,othtax,fdd,0.0
2003,othtax,fdd,0.0
2011,othtax,fdd,0.0
2001,othtax,fdd,0.0
2008,surplus,fdd,0.0
2009,surplus,fdd,0.0
2005,surplus,fdd,0.0
2006,surplus,fdd,0.0
2012,surplus,fdd,0.0
2014,surplus,fdd,0.0
2013,surplus,fdd,0.0
1999,surplus,fdd,0.0
2002,surplus,fdd,0.0
2017,surplus,fdd,0.0
2016,surplus,fdd,0.0
2015,surplus,fdd,0.0
1998,surplus,fdd,0.0
2004,surplus,fdd,0.0
2000,surplus,fdd,0.0
1997,surplus,fdd,0.0
2007,surplus,fdd,0.0
2010,surplus,fdd,0.0
2003,surplus,fdd,0.0
2011,surplus,fdd,0.0
2001,surplus,fdd,0.0
2008,compen,fdd,0.0
2009,compen,fdd,0.0
2005,compen,fdd,0.0
2006,compen,fdd,0.0
2012,compen,fdd,0.0
2014,compen,fdd,0.0
2013,compen,fdd,0.0
1999,compen,fdd,0.0
2002,compen,fdd,0.0
2017,compen,fdd,0.0
2016,compen,fdd,0.0
2015,compen,fdd,0.0
1998,compen,fdd,0.0
2004,compen,fdd,0.0
2000,compen,fdd,0.0
1997,compen,fdd,0.0
2007,compen,fdd,0.0
2010,compen,fdd,0.0
2003,compen,fdd,0.0
2011,compen,fdd,0.0
2001,compen,fdd,0.0
2008,othtax,gmt,0.0
2009,othtax,gmt,0.0
2005,othtax,gmt,0.0
2006,othtax,gmt,0.0
2012,othtax,gmt,0.0
2014,othtax,gmt,0.0
2013,othtax,gmt,0.0
1999,othtax,gmt,0.0
2002,othtax,gmt,0.0
2017,othtax,gmt,0.0
2016,othtax,gmt,0.0
2015,othtax,gmt,0.0
1998,othtax,gmt,0.0
2004,othtax,gmt,0.0
2000,othtax,gmt,0.0
1997,othtax,gmt,0.0
2007,othtax,gmt,0.0
2010,othtax,gmt,0.0
2003,othtax,gmt,0.0
2011,othtax,gmt,0.0
2001,othtax,gmt,0.0
2008,surplus,gmt,0.0
2009,surplus,gmt,0.0
2005,surplus,gmt,0.0
2006,surplus,gmt,0.0
2012,surplus,gmt,0.0
2014,surplus,gmt,0.0
2013,surplus,gmt,0.0
1999,surplus,gmt,0.0
2002,surplus,gmt,0.0
2017,surplus,gmt,0.0
2016,surplus,gmt,0.0
2015,surplus,gmt,0.0
1998,surplus,gmt,0.0
2004,surplus,gmt,0.0
2000,surplus,gmt,0.0
1997,surplus,gmt,0.0
2007,surplus,gmt,0.0
2010,surplus,gmt,0.0
2003,surplus,gmt,0.0
2011,surplus,gmt,0.0
2001,surplus,gmt,0.0
2008,compen,gmt,0.0
2009,compen,gmt,0.0
2005,compen,gmt,0.0
2006,compen,gmt,0.0
2012,compen,gmt,0.0
2014,compen,gmt,0.0
2013,compen,gmt,0.0
1999,compen,gmt,0.0
2002,compen,gmt,0.0
2017,compen,gmt,0.0
2016,compen,gmt,0.0
2015,compen,gmt,0.0
1998,compen,gmt,0.0
2004,compen,gmt,0.0
2000,compen,gmt,0.0
1997,compen,gmt,0.0
2007,compen,gmt,0.0
2010,compen,gmt,0.0
2003,compen,gmt,0.0
2011,compen,gmt,0.0
2001,compen,gmt,0.0
2008,othtax,wtt,0.0
2009,othtax,wtt,0.0
2005,othtax,wtt,0.0
2006,othtax,wtt,0.0
2012,othtax,wtt,0.0
2014,othtax,wtt,0.0
2013,othtax,wtt,0.0
1999,othtax,wtt,0.0
2002,othtax,wtt,0.0
2017,othtax,wtt,0.0
2016,othtax,wtt,0.0
2015,othtax,wtt,0.0
1998,othtax,wtt,0.0
2004,othtax,wtt,0.0
2000,othtax,wtt,0.0
1997,othtax,wtt,0.0
2007,othtax,wtt,0.0
2010,othtax,wtt,0.0
2003,othtax,wtt,0.0
2011,othtax,wtt,0.0
2001,othtax,wtt,0.0
2008,surplus,wtt,0.0
2009,surplus,wtt,0.0
2005,surplus,wtt,0.0
2006,surplus,wtt,0.0
2012,surplus,wtt,0.0
2014,surplus,wtt,0.0
2013,surplus,wtt,0.0
1999,surplus,wtt,0.0
2002,surplus,wtt,0.0
2017,surplus,wtt,0.0
2016,surplus,wtt,0.0
2015,surplus,wtt,0.0
1998,surplus,wtt,0.0
2004,surplus,wtt,0.0
2000,surplus,wtt,0.0
1997,surplus,wtt,0.0
2007,surplus,wtt,0.0
2010,surplus,wtt,0.0
2003,surplus,wtt,0.0
2011,surplus,wtt,0.0
2001,surplus,wtt,0.0
2008,compen,wtt,0.0
2009,compen,wtt,0.0
2005,compen,wtt,0.0
2006,compen,wtt,0.0
2012,compen,wtt,0.0
2014,compen,wtt,0.0
2013,compen,wtt,0.0
1999,compen,wtt,0.0
2002,compen,wtt,0.0
2017,compen,wtt,0.0
2016,compen,wtt,0.0
2015,compen,wtt,0.0
1998,compen,wtt,0.0
2004,compen,wtt,0.0
2000,compen,wtt,0.0
1997,compen,wtt,0.0
2007,compen,wtt,0.0
2010,compen,wtt,0.0
2003,compen,wtt,0.0
2011,compen,wtt,0.0
2001,compen,wtt,0.0
2008,othtax,wpd,0.0
2009,othtax,wpd,0.0
2005,othtax,wpd,0.0
2006,othtax,wpd,0.0
2012,othtax,wpd,0.0
2014,othtax,wpd,0.0
2013,othtax,wpd,0.0
1999,othtax,wpd,0.0
2002,othtax,wpd,0.0
2017,othtax,wpd,0.0
2016,othtax,wpd,0.0
2015,othtax,wpd,0.0
1998,othtax,wpd,0.0
2004,othtax,wpd,0.0
2000,othtax,wpd,0.0
1997,othtax,wpd,0.0
2007,othtax,wpd,0.0
2010,othtax,wpd,0.0
2003,othtax,wpd,0.0
2011,othtax,wpd,0.0
2001,othtax,wpd,0.0
2008,surplus,wpd,0.0
2009,surplus,wpd,0.0
2005,surplus,wpd,0.0
2006,surplus,wpd,0.0
2012,surplus,wpd,0.0
2014,surplus,wpd,0.0
2013,surplus,wpd,0.0
1999,surplus,wpd,0.0
2002,surplus,wpd,0.0
2017,surplus,wpd,0.0
2016,surplus,wpd,0.0
2015,surplus,wpd,0.0
1998,surplus,wpd,0.0
2004,surplus,wpd,0.0
2000,surplus,wpd,0.0
1997,surplus,wpd,0.0
2007,surplus,wpd,0.0
2010,surplus,wpd,0.0
2003,surplus,wpd,0.0
2011,surplus,wpd,0.0
2001,surplus,wpd,0.0
2008,compen,wpd,0.0
2009,compen,wpd,0.0
2005,compen,wpd,0.0
2006,compen,wpd,0.0
2012,compen,wpd,0.0
2014,compen,wpd,0.0
2013,compen,wpd,0.0
1999,compen,wpd,0.0
2002,compen,wpd,0.0
2017,compen,wpd,0.0
2016,compen,wpd,0.0
2015,compen,wpd,0.0
1998,compen,wpd,0.0
2004,compen,wpd,0.0
2000,compen,wpd,0.0
1997,compen,wpd,0.0
2007,compen,wpd,0.0
2010,compen,wpd,0.0
2003,compen,wpd,0.0
2011,compen,wpd,0.0
2001,compen,wpd,0.0
2008,othtax,wht,0.0
2009,othtax,wht,0.0
2005,othtax,wht,0.0
2006,othtax,wht,0.0
2012,othtax,wht,0.0
2014,othtax,wht,0.0
2013,othtax,wht,0.0
1999,othtax,wht,0.0
2002,othtax,wht,0.0
2017,othtax,wht,0.0
2016,othtax,wht,0.0
2015,othtax,wht,0.0
1998,othtax,wht,0.0
2004,othtax,wht,0.0
2000,othtax,wht,0.0
1997,othtax,wht,0.0
2007,othtax,wht,0.0
2010,othtax,wht,0.0
2003,othtax,wht,0.0
2011,othtax,wht,0.0
2001,othtax,wht,0.0
2008,surplus,wht,0.0
2009,surplus,wht,0.0
2005,surplus,wht,0.0
2006,surplus,wht,0.0
2012,surplus,wht,0.0
2014,surplus,wht,0.0
2013,surplus,wht,0.0
1999,surplus,wht,0.0
2002,surplus,wht,0.0
2017,surplus,wht,0.0
2016,surplus,wht,0.0
2015,surplus,wht,0.0
1998,surplus,wht,0.0
2004,surplus,wht,0.0
2000,surplus,wht,0.0
1997,surplus,wht,0.0
2007,surplus,wht,0.0
2010,surplus,wht,0.0
2003,surplus,wht,0.0
2011,surplus,wht,0.0
2001,surplus,wht,0.0
2008,compen,wht,0.0
2009,compen,wht,0.0
2005,compen,wht,0.0
2006,compen,wht,0.0
2012,compen,wht,0.0
2014,compen,wht,0.0
2013,compen,wht,0.0
1999,compen,wht,0.0
2002,compen,wht,0.0
2017,compen,wht,0.0
2016,compen,wht,0.0
2015,compen,wht,0.0
1998,compen,wht,0.0
2004,compen,wht,0.0
2000,compen,wht,0.0
1997,compen,wht,0.0
2007,compen,wht,0.0
2010,compen,wht,0.0
2003,compen,wht,0.0
2011,compen,wht,0.0
2001,compen,wht,0.0
2008,othtax,oth,0.0
2009,othtax,oth,0.0
2005,othtax,oth,0.0
2006,othtax,oth,0.0
2012,othtax,oth,0.0
2014,othtax,oth,0.0
2013,othtax,oth,0.0
1999,othtax,oth,0.0
2002,othtax,oth,0.0
2017,othtax,oth,0.0
2016,othtax,oth,0.0
2015,othtax,oth,0.0
1998,othtax,oth,0.0
2004,othtax,oth,0.0
2000,othtax,oth,0.0
1997,othtax,oth,0.0
2007,othtax,oth,0.0
2010,othtax,oth,0.0
2003,othtax,oth,0.0
2011,othtax,oth,0.0
2001,othtax,oth,0.0
2008,surplus,oth,0.0
2009,surplus,oth,0.0
2005,surplus,oth,0.0
2006,surplus,oth,0.0
2012,surplus,oth,0.0
2014,surplus,oth,0.0
2013,surplus,oth,0.0
1999,surplus,oth,0.0
2002,surplus,oth,0.0
2017,surplus,oth,0.0
2016,surplus,oth,0.0
2015,surplus,oth,0.0
1998,surplus,oth,0.0
2004,surplus,oth,0.0
2000,surplus,oth,0.0
1997,surplus,oth,0.0
2007,surplus,oth,0.0
2010,surplus,oth,0.0
2003,surplus,oth,0.0
2011,surplus,oth,0.0
2001,surplus,oth,0.0
2008,compen,oth,0.0
2009,compen,oth,0.0
2005,compen,oth,0.0
2006,compen,oth,0.0
2012,compen,oth,0.0
2014,compen,oth,0.0
2013,compen,oth,0.0
1999,compen,oth,0.0
2002,compen,oth,0.0
2017,compen,oth,0.0
2016,compen,oth,0.0
2015,compen,oth,0.0
1998,compen,oth,0.0
2004,compen,oth,0.0
2000,compen,oth,0.0
1997,compen,oth,0.0
2007,compen,oth,0.0
2010,compen,oth,0.0
2003,compen,oth,0.0
2011,compen,oth,0.0
2001,compen,oth,0.0
2008,othtax,wrh,0.0
2009,othtax,wrh,0.0
2005,othtax,wrh,0.0
2006,othtax,wrh,0.0
2012,othtax,wrh,0.0
2014,othtax,wrh,0.0
2013,othtax,wrh,0.0
1999,othtax,wrh,0.0
2002,othtax,wrh,0.0
2017,othtax,wrh,0.0
2016,othtax,wrh,0.0
2015,othtax,wrh,0.0
1998,othtax,wrh,0.0
2004,othtax,wrh,0.0
2000,othtax,wrh,0.0
1997,othtax,wrh,0.0
2007,othtax,wrh,0.0
2010,othtax,wrh,0.0
2003,othtax,wrh,0.0
2011,othtax,wrh,0.0
2001,othtax,wrh,0.0
2008,surplus,wrh,0.0
2009,surplus,wrh,0.0
2005,surplus,wrh,0.0
2006,surplus,wrh,0.0
2012,surplus,wrh,0.0
2014,surplus,wrh,0.0
2013,surplus,wrh,0.0
1999,surplus,wrh,0.0
2002,surplus,wrh,0.0
2017,surplus,wrh,0.0
2016,surplus,wrh,0.0
2015,surplus,wrh,0.0
1998,surplus,wrh,0.0
2004,surplus,wrh,0.0
2000,surplus,wrh,0.0
1997,surplus,wrh,0.0
2007,surplus,wrh,0.0
2010,surplus,wrh,0.0
2003,surplus,wrh,0.0
2011,surplus,wrh,0.0
2001,surplus,wrh,0.0
2008,compen,wrh,0.0
2009,compen,wrh,0.0
2005,compen,wrh,0.0
2006,compen,wrh,0.0
2012,compen,wrh,0.0
2014,compen,wrh,0.0
2013,compen,wrh,0.0
1999,compen,wrh,0.0
2002,compen,wrh,0.0
2017,compen,wrh,0.0
2016,compen,wrh,0.0
2015,compen,wrh,0.0
1998,compen,wrh,0.0
2004,compen,wrh,0.0
2000,compen,wrh,0.0
1997,compen,wrh,0.0
2007,compen,wrh,0.0
2010,compen,wrh,0.0
2003,compen,wrh,0.0
2011,compen,wrh,0.0
2001,compen,wrh,0.0
2008,othtax,ott,0.0
2009,othtax,ott,0.0
2005,othtax,ott,0.0
2006,othtax,ott,0.0
2012,othtax,ott,0.0
2014,othtax,ott,0.0
2013,othtax,ott,0.0
1999,othtax,ott,0.0
2002,othtax,ott,0.0
2017,othtax,ott,0.0
2016,othtax,ott,0.0
2015,othtax,ott,0.0
1998,othtax,ott,0.0
2004,othtax,ott,0.0
2000,othtax,ott,0.0
1997,othtax,ott,0.0
2007,othtax,ott,0.0
2010,othtax,ott,0.0
2003,othtax,ott,0.0
2011,othtax,ott,0.0
2001,othtax,ott,0.0
2008,surplus,ott,0.0
2009,surplus,ott,0.0
2005,surplus,ott,0.0
2006,surplus,ott,0.0
2012,surplus,ott,0.0
2014,surplus,ott,0.0
2013,surplus,ott,0.0
1999,surplus,ott,0.0
2002,surplus,ott,0.0
2017,surplus,ott,0.0
2016,surplus,ott,0.0
2015,surplus,ott,0.0
1998,surplus,ott,0.0
2004,surplus,ott,0.0
2000,surplus,ott,0.0
1997,surplus,ott,0.0
2007,surplus,ott,0.0
2010,surplus,ott,0.0
2003,surplus,ott,0.0
2011,surplus,ott,0.0
2001,surplus,ott,0.0
2008,compen,ott,0.0
2009,compen,ott,0.0
2005,compen,ott,0.0
2006,compen,ott,0.0
2012,compen,ott,0.0
2014,compen,ott,0.0
2013,compen,ott,0.0
1999,compen,ott,0.0
2002,compen,ott,0.0
2017,compen,ott,0.0
2016,compen,ott,0.0
2015,compen,ott,0.0
1998,compen,ott,0.0
2004,compen,ott,0.0
2000,compen,ott,0.0
1997,compen,ott,0.0
2007,compen,ott,0.0
2010,compen,ott,0.0
2003,compen,ott,0.0
2011,compen,ott,0.0
2001,compen,ott,0.0
2008,othtax,che,0.0
2009,othtax,che,0.0
2005,othtax,che,0.0
2006,othtax,che,0.0
2012,othtax,che,0.0
2014,othtax,che,0.0
2013,othtax,che,0.0
1999,othtax,che,0.0
2002,othtax,che,0.0
2017,othtax,che,0.0
2016,othtax,che,0.0
2015,othtax,che,0.0
1998,othtax,che,0.0
2004,othtax,che,0.0
2000,othtax,che,0.0
1997,othtax,che,0.0
2007,othtax,che,0.0
2010,othtax,che,0.0
2003,othtax,che,0.0
2011,othtax,che,0.0
2001,othtax,che,0.0
2008,surplus,che,0.0
2009,surplus,che,0.0
2005,surplus,che,0.0
2006,surplus,che,0.0
2012,surplus,che,0.0
2014,surplus,che,0.0
2013,surplus,che,0.0
1999,surplus,che,0.0
2002,surplus,che,0.0
2017,surplus,che,0.0
2016,surplus,che,0.0
2015,surplus,che,0.0
1998,surplus,che,0.0
2004,surplus,che,0.0
2000,surplus,che,0.0
1997,surplus,che,0.0
2007,surplus,che,0.0
2010,surplus,che,0.0
2003,surplus,che,0.0
2011,surplus,che,0.0
2001,surplus,che,0.0
2008,compen,che,0.0
2009,compen,che,0.0
2005,compen,che,0.0
2006,compen,che,0.0
2012,compen,che,0.0
2014,compen,che,0.0
2013,compen,che,0.0
1999,compen,che,0.0
2002,compen,che,0.0
2017,compen,che,0.0
2016,compen,che,0.0
2015,compen,che,0.0
1998,compen,che,0.0
2004,compen,che,0.0
2000,compen,che,0.0
1997,compen,che,0.0
2007,compen,che,0.0
2010,compen,che,0.0
2003,compen,che,0.0
2011,compen,che,0.0
2001,compen,che,0.0
2008,othtax,air,0.0
2009,othtax,air,0.0
2005,othtax,air,0.0
2006,othtax,air,0.0
2012,othtax,air,0.0
2014,othtax,air,0.0
2013,othtax,air,0.0
1999,othtax,air,0.0
2002,othtax,air,0.0
2017,othtax,air,0.0
2016,othtax,air,0.0
2015,othtax,air,0.0
1998,othtax,air,0.0
2004,othtax,air,0.0
2000,othtax,air,0.0
1997,othtax,air,0.0
2007,othtax,air,0.0
2010,othtax,air,0.0
2003,othtax,air,0.0
2011,othtax,air,0.0
2001,othtax,air,0.0
2008,surplus,air,0.0
2009,surplus,air,0.0
2005,surplus,air,0.0
2006,surplus,air,0.0
2012,surplus,air,0.0
2014,surplus,air,0.0
2013,surplus,air,0.0
1999,surplus,air,0.0
2002,surplus,air,0.0
2017,surplus,air,0.0
2016,surplus,air,0.0
2015,surplus,air,0.0
1998,surplus,air,0.0
2004,surplus,air,0.0
2000,surplus,air,0.0
1997,surplus,air,0.0
2007,surplus,air,0.0
2010,surplus,air,0.0
2003,surplus,air,0.0
2011,surplus,air,0.0
2001,surplus,air,0.0
2008,compen,air,0.0
2009,compen,air,0.0
2005,compen,air,0.0
2006,compen,air,0.0
2012,compen,air,0.0
2014,compen,air,0.0
2013,compen,air,0.0
1999,compen,air,0.0
2002,compen,air,0.0
2017,compen,air,0.0
2016,compen,air,0.0
2015,compen,air,0.0
1998,compen,air,0.0
2004,compen,air,0.0
2000,compen,air,0.0
1997,compen,air,0.0
2007,compen,air,0.0
2010,compen,air,0.0
2003,compen,air,0.0
2011,compen,air,0.0
2001,compen,air,0.0
2008,othtax,mmf,0.0
2009,othtax,mmf,0.0
2005,othtax,mmf,0.0
2006,othtax,mmf,0.0
2012,othtax,mmf,0.0
2014,othtax,mmf,0.0
2013,othtax,mmf,0.0
1999,othtax,mmf,0.0
2002,othtax,mmf,0.0
2017,othtax,mmf,0.0
2016,othtax,mmf,0.0
2015,othtax,mmf,0.0
1998,othtax,mmf,0.0
2004,othtax,mmf,0.0
2000,othtax,mmf,0.0
1997,othtax,mmf,0.0
2007,othtax,mmf,0.0
2010,othtax,mmf,0.0
2003,othtax,mmf,0.0
2011,othtax,mmf,0.0
2001,othtax,mmf,0.0
2008,surplus,mmf,0.0
2009,surplus,mmf,0.0
2005,surplus,mmf,0.0
2006,surplus,mmf,0.0
2012,surplus,mmf,0.0
2014,surplus,mmf,0.0
2013,surplus,mmf,0.0
1999,surplus,mmf,0.0
2002,surplus,mmf,0.0
2017,surplus,mmf,0.0
2016,surplus,mmf,0.0
2015,surplus,mmf,0.0
1998,surplus,mmf,0.0
2004,surplus,mmf,0.0
2000,surplus,mmf,0.0
1997,surplus,mmf,0.0
2007,surplus,mmf,0.0
2010,surplus,mmf,0.0
2003,surplus,mmf,0.0
2011,surplus,mmf,0.0
2001,surplus,mmf,0.0
2008,compen,mmf,0.0
2009,compen,mmf,0.0
2005,compen,mmf,0.0
2006,compen,mmf,0.0
2012,compen,mmf,0.0
2014,compen,mmf,0.0
2013,compen,mmf,0.0
1999,compen,mmf,0.0
2002,compen,mmf,0.0
2017,compen,mmf,0.0
2016,compen,mmf,0.0
2015,compen,mmf,0.0
1998,compen,mmf,0.0
2004,compen,mmf,0.0
2000,compen,mmf,0.0
1997,compen,mmf,0.0
2007,compen,mmf,0.0
2010,compen,mmf,0.0
2003,compen,mmf,0.0
2011,compen,mmf,0.0
2001,compen,mmf,0.0
2008,othtax,otr,0.0
2009,othtax,otr,0.0
2005,othtax,otr,0.0
2006,othtax,otr,0.0
2012,othtax,otr,0.0
2014,othtax,otr,0.0
2013,othtax,otr,0.0
1999,othtax,otr,0.0
2002,othtax,otr,0.0
2017,othtax,otr,0.0
2016,othtax,otr,0.0
2015,othtax,otr,0.0
1998,othtax,otr,0.0
2004,othtax,otr,0.0
2000,othtax,otr,0.0
1997,othtax,otr,0.0
2007,othtax,otr,0.0
2010,othtax,otr,0.0
2003,othtax,otr,0.0
2011,othtax,otr,0.0
2001,othtax,otr,0.0
2008,surplus,otr,0.0
2009,surplus,otr,0.0
2005,surplus,otr,0.0
2006,surplus,otr,0.0
2012,surplus,otr,0.0
2014,surplus,otr,0.0
2013,surplus,otr,0.0
1999,surplus,otr,0.0
2002,surplus,otr,0.0
2017,surplus,otr,0.0
2016,surplus,otr,0.0
2015,surplus,otr,0.0
1998,surplus,otr,0.0
2004,surplus,otr,0.0
2000,surplus,otr,0.0
1997,surplus,otr,0.0
2007,surplus,otr,0.0
2010,surplus,otr,0.0
2003,surplus,otr,0.0
2011,surplus,otr,0.0
2001,surplus,otr,0.0
2008,compen,otr,0.0
2009,compen,otr,0.0
2005,compen,otr,0.0
2006,compen,otr,0.0
2012,compen,otr,0.0
2014,compen,otr,0.0
2013,compen,otr,0.0
1999,compen,otr,0.0
2002,compen,otr,0.0
2017,compen,otr,0.0
2016,compen,otr,0.0
2015,compen,otr,0.0
1998,compen,otr,0.0
2004,compen,otr,0.0
2000,compen,otr,0.0
1997,compen,otr,0.0
2007,compen,otr,0.0
2010,compen,otr,0.0
2003,compen,otr,0.0
2011,compen,otr,0.0
2001,compen,otr,0.0
2008,othtax,min,0.0
2009,othtax,min,0.0
2005,othtax,min,0.0
2006,othtax,min,0.0
2012,othtax,min,0.0
2014,othtax,min,0.0
2013,othtax,min,0.0
1999,othtax,min,0.0
2002,othtax,min,0.0
2017,othtax,min,0.0
2016,othtax,min,0.0
2015,othtax,min,0.0
1998,othtax,min,0.0
2004,othtax,min,0.0
2000,othtax,min,0.0
1997,othtax,min,0.0
2007,othtax,min,0.0
2010,othtax,min,0.0
2003,othtax,min,0.0
2011,othtax,min,0.0
2001,othtax,min,0.0
2008,surplus,min,0.0
2009,surplus,min,0.0
2005,surplus,min,0.0
2006,surplus,min,0.0
2012,surplus,min,0.0
2014,surplus,min,0.0
2013,surplus,min,0.0
1999,surplus,min,0.0
2002,surplus,min,0.0
2017,surplus,min,0.0
2016,surplus,min,0.0
2015,surplus,min,0.0
1998,surplus,min,0.0
2004,surplus,min,0.0
2000,surplus,min,0.0
1997,surplus,min,0.0
2007,surplus,min,0.0
2010,surplus,min,0.0
2003,surplus,min,0.0
2011,surplus,min,0.0
2001,surplus,min,0.0
2008,compen,min,0.0
2009,compen,min,0.0
2005,compen,min,0.0
2006,compen,min,0.0
2012,compen,min,0.0
2014,compen,min,0.0
2013,compen,min,0.0
1999,compen,min,0.0
2002,compen,min,0.0
2017,compen,min,0.0
2016,compen,min,0.0
2015,compen,min,0.0
1998,compen,min,0.0
2004,compen,min,0.0
2000,compen,min,0.0
1997,compen,min,0.0
2007,compen,min,0.0
2010,compen,min,0.0
2003,compen,min,0.0
2011,compen,min,0.0
2001,compen,min,0.0
