uni_0,uni_1,uni_2,uni_3,value
IA,2012,11111,millions of us dollars (USD),861.011
IA,2012,11115,millions of us dollars (USD),12651.557999999999
IA,2012,11119,millions of us dollars (USD),1884.513
IA,2012,1112,millions of us dollars (USD),13.392
IA,2012,1113,millions of us dollars (USD),3.1069999999999998
IA,2012,1114,millions of us dollars (USD),97.92699999999999
IA,2012,1119,millions of us dollars (USD),60.446999999999996
IA,2012,11211,millions of us dollars (USD),655.843
IA,2012,11212,millions of us dollars (USD),99.917
IA,2012,1122,millions of us dollars (USD),847.482
IA,2012,1123,millions of us dollars (USD),44.838
IA,2012,1124,millions of us dollars (USD),3.9829999999999997
IA,2012,1125,millions of us dollars (USD),0.008
IA,2012,1129,millions of us dollars (USD),142.363
IA,2012,11114,millions of us dollars (USD),0.425
IA,2017,11115,millions of us dollars (USD),8773.473
IA,2017,11119,millions of us dollars (USD),1825.7279999999998
IA,2017,1112,millions of us dollars (USD),15.392999999999999
IA,2017,1113,millions of us dollars (USD),8.638
IA,2017,1114,millions of us dollars (USD),144.511
IA,2017,1119,millions of us dollars (USD),61.337999999999994
IA,2017,11211,millions of us dollars (USD),760.78
IA,2017,11212,millions of us dollars (USD),99.46799999999999
IA,2017,1122,millions of us dollars (USD),881.572
IA,2017,1123,millions of us dollars (USD),35.693999999999996
IA,2017,1124,millions of us dollars (USD),5.612
IA,2017,1129,millions of us dollars (USD),100.362
FL,2012,11111,millions of us dollars (USD),2.205
FL,2012,1112,millions of us dollars (USD),1406.984
FL,2012,1113,millions of us dollars (USD),1819.27
FL,2012,1114,millions of us dollars (USD),1690.714
FL,2012,1119,millions of us dollars (USD),986.9309999999999
FL,2012,11211,millions of us dollars (USD),34.719
FL,2012,11212,millions of us dollars (USD),4.754
FL,2012,1122,millions of us dollars (USD),0.026
FL,2012,1123,millions of us dollars (USD),5.297
FL,2012,1124,millions of us dollars (USD),0.03
FL,2012,1125,millions of us dollars (USD),0.209
FL,2012,1129,millions of us dollars (USD),1.244
FL,2017,1112,millions of us dollars (USD),1238.288
FL,2017,1113,millions of us dollars (USD),1305.4199999999998
FL,2017,1114,millions of us dollars (USD),2270.548
FL,2017,1119,millions of us dollars (USD),843.202
FL,2017,11211,millions of us dollars (USD),21.878999999999998
FL,2017,11212,millions of us dollars (USD),2.3409999999999997
FL,2017,1122,millions of us dollars (USD),0.009
FL,2017,1123,millions of us dollars (USD),4.064
FL,2017,1124,millions of us dollars (USD),0.119
FL,2017,1125,millions of us dollars (USD),0.255
FL,2017,1129,millions of us dollars (USD),4.9159999999999995
MD,2012,11111,millions of us dollars (USD),101.493
MD,2012,11115,millions of us dollars (USD),240.48999999999998
MD,2012,11119,millions of us dollars (USD),271.555
MD,2012,1112,millions of us dollars (USD),47.974
MD,2012,1113,millions of us dollars (USD),18.749
MD,2012,1114,millions of us dollars (USD),206.476
MD,2012,1119,millions of us dollars (USD),41.483
MD,2012,11211,millions of us dollars (USD),7.366
MD,2012,11212,millions of us dollars (USD),44.693999999999996
MD,2012,1122,millions of us dollars (USD),0.486
MD,2012,1123,millions of us dollars (USD),62.415
MD,2012,11114,millions of us dollars (USD),4.931
MD,2017,11111,millions of us dollars (USD),91.687
MD,2017,11115,millions of us dollars (USD),195.833
MD,2017,11119,millions of us dollars (USD),200.314
MD,2017,1112,millions of us dollars (USD),61.949
MD,2017,1113,millions of us dollars (USD),22.811
MD,2017,1114,millions of us dollars (USD),229.88199999999998
MD,2017,1119,millions of us dollars (USD),41.647999999999996
MD,2017,11211,millions of us dollars (USD),7.037
MD,2017,11212,millions of us dollars (USD),32.169
MD,2017,1123,millions of us dollars (USD),60.454
MD,2017,1129,millions of us dollars (USD),2.04
MD,2017,11114,millions of us dollars (USD),1.771
OH,2012,11111,millions of us dollars (USD),1696.7459999999999
OH,2012,11115,millions of us dollars (USD),2658.462
OH,2012,11119,millions of us dollars (USD),1122.751
OH,2012,1112,millions of us dollars (USD),108.868
OH,2012,1113,millions of us dollars (USD),22.465
OH,2012,1114,millions of us dollars (USD),435.87699999999995
OH,2012,1119,millions of us dollars (USD),146.23999999999998
OH,2012,11211,millions of us dollars (USD),94.317
OH,2012,11212,millions of us dollars (USD),127.073
OH,2012,1122,millions of us dollars (USD),120.649
OH,2012,1123,millions of us dollars (USD),33.562999999999995
OH,2012,1124,millions of us dollars (USD),1.18
OH,2012,1125,millions of us dollars (USD),0.027
OH,2012,1129,millions of us dollars (USD),22.669
OH,2012,11114,millions of us dollars (USD),7.058999999999999
OH,2017,11111,millions of us dollars (USD),1686.6229999999998
OH,2017,11115,millions of us dollars (USD),1656.413
OH,2017,11119,millions of us dollars (USD),840.0649999999999
OH,2017,1112,millions of us dollars (USD),133.548
OH,2017,1113,millions of us dollars (USD),40.3
OH,2017,1114,millions of us dollars (USD),489.05699999999996
OH,2017,1119,millions of us dollars (USD),143.945
OH,2017,11211,millions of us dollars (USD),106.109
OH,2017,11212,millions of us dollars (USD),130.41
OH,2017,1122,millions of us dollars (USD),127.729
OH,2017,1123,millions of us dollars (USD),39.361
OH,2017,1124,millions of us dollars (USD),1.8519999999999999
OH,2017,1125,millions of us dollars (USD),0.11199999999999999
OH,2017,1129,millions of us dollars (USD),21.767
TN,2012,11111,millions of us dollars (USD),380.234
TN,2012,11115,millions of us dollars (USD),301.08799999999997
TN,2012,11119,millions of us dollars (USD),657.25
TN,2012,1112,millions of us dollars (USD),77.453
TN,2012,1113,millions of us dollars (USD),6.638999999999999
TN,2012,1114,millions of us dollars (USD),291.948
TN,2012,1119,millions of us dollars (USD),314.419
TN,2012,11211,millions of us dollars (USD),27.262999999999998
TN,2012,11212,millions of us dollars (USD),11.399
TN,2012,1123,millions of us dollars (USD),7.284999999999999
TN,2012,1124,millions of us dollars (USD),0.261
TN,2012,1129,millions of us dollars (USD),3.042
TN,2017,11111,millions of us dollars (USD),600.342
TN,2017,11115,millions of us dollars (USD),195.369
TN,2017,11119,millions of us dollars (USD),481.143
TN,2017,1112,millions of us dollars (USD),92.38
TN,2017,1113,millions of us dollars (USD),16.551
TN,2017,1114,millions of us dollars (USD),297.827
TN,2017,1119,millions of us dollars (USD),400.462
TN,2017,11211,millions of us dollars (USD),62.041
TN,2017,11212,millions of us dollars (USD),11.814
TN,2017,1122,millions of us dollars (USD),12.524
TN,2017,1123,millions of us dollars (USD),7.431
TN,2017,1124,millions of us dollars (USD),0.534
TN,2017,1125,millions of us dollars (USD),0.004
TN,2017,1129,millions of us dollars (USD),2.747
TN,2017,11114,millions of us dollars (USD),1.23
WI,2012,11111,millions of us dollars (USD),166.69799999999998
WI,2012,11115,millions of us dollars (USD),1903.262
WI,2012,11119,millions of us dollars (USD),577.245
WI,2012,1112,millions of us dollars (USD),517.024
WI,2012,1113,millions of us dollars (USD),220.982
WI,2012,1114,millions of us dollars (USD),209.612
WI,2012,1119,millions of us dollars (USD),155.85299999999998
WI,2012,11211,millions of us dollars (USD),154.98
WI,2012,11212,millions of us dollars (USD),642.461
WI,2012,1122,millions of us dollars (USD),8.648
WI,2012,1123,millions of us dollars (USD),20.543
WI,2012,1124,millions of us dollars (USD),1.9729999999999999
WI,2012,1125,millions of us dollars (USD),0.06799999999999999
WI,2012,1129,millions of us dollars (USD),13.203999999999999
WI,2017,11111,millions of us dollars (USD),276.198
WI,2017,11115,millions of us dollars (USD),1300.8339999999998
WI,2017,11119,millions of us dollars (USD),515.978
WI,2017,1112,millions of us dollars (USD),532.1329999999999
WI,2017,1113,millions of us dollars (USD),177.06199999999998
WI,2017,1114,millions of us dollars (USD),276.86899999999997
WI,2017,1119,millions of us dollars (USD),159.68699999999998
WI,2017,11211,millions of us dollars (USD),191.411
WI,2017,11212,millions of us dollars (USD),588.475
WI,2017,1122,millions of us dollars (USD),9.176
WI,2017,1123,millions of us dollars (USD),17.689
WI,2017,1124,millions of us dollars (USD),3.025
WI,2017,1125,millions of us dollars (USD),0.072
WI,2017,1129,millions of us dollars (USD),14.472999999999999
RI,2012,11115,millions of us dollars (USD),0.039
RI,2012,1114,millions of us dollars (USD),32.669
RI,2012,11211,millions of us dollars (USD),0.047
RI,2012,11212,millions of us dollars (USD),0.355
RI,2012,1122,millions of us dollars (USD),0.002
RI,2012,1123,millions of us dollars (USD),0.001
RI,2017,1112,millions of us dollars (USD),8.773
RI,2017,1129,millions of us dollars (USD),0.11
AK,2017,1112,millions of us dollars (USD),5.927
AK,2017,1129,millions of us dollars (USD),0.243
WV,2012,11115,millions of us dollars (USD),15.718
WV,2012,11119,millions of us dollars (USD),9.522
WV,2012,1112,millions of us dollars (USD),8.235999999999999
WV,2012,1113,millions of us dollars (USD),25.776
WV,2012,1114,millions of us dollars (USD),32.515
WV,2012,1119,millions of us dollars (USD),24.336
WV,2012,11211,millions of us dollars (USD),11.431
WV,2012,11212,millions of us dollars (USD),3.832
WV,2012,1122,millions of us dollars (USD),0.016999999999999998
WV,2012,1123,millions of us dollars (USD),2.246
WV,2012,1124,millions of us dollars (USD),0.15
WV,2012,1125,millions of us dollars (USD),0.005
WV,2012,1129,millions of us dollars (USD),0.878
WV,2017,11111,millions of us dollars (USD),5.122
WV,2017,11115,millions of us dollars (USD),15.03
WV,2017,11119,millions of us dollars (USD),7.968
WV,2017,1112,millions of us dollars (USD),9.030999999999999
WV,2017,1113,millions of us dollars (USD),22.233999999999998
WV,2017,1114,millions of us dollars (USD),33.638
WV,2017,1119,millions of us dollars (USD),37.345
WV,2017,11211,millions of us dollars (USD),15.193999999999999
WV,2017,11212,millions of us dollars (USD),3.343
WV,2017,1123,millions of us dollars (USD),2.924
WV,2017,1124,millions of us dollars (USD),0.22899999999999998
WV,2017,1129,millions of us dollars (USD),0.975
WV,2017,11114,millions of us dollars (USD),0.02
AZ,2012,1112,millions of us dollars (USD),812.2679999999999
AZ,2012,1113,millions of us dollars (USD),112.142
AZ,2012,1114,millions of us dollars (USD),320.49399999999997
AZ,2012,1119,millions of us dollars (USD),716.471
AZ,2012,11211,millions of us dollars (USD),2.4619999999999997
AZ,2012,11212,millions of us dollars (USD),0.832
AZ,2012,1122,millions of us dollars (USD),0.001
AZ,2017,11115,millions of us dollars (USD),32.684999999999995
AZ,2017,11119,millions of us dollars (USD),19.948999999999998
AZ,2017,1112,millions of us dollars (USD),1052.209
AZ,2017,1113,millions of us dollars (USD),140.021
AZ,2017,1114,millions of us dollars (USD),198.27599999999998
AZ,2017,1119,millions of us dollars (USD),632.2629999999999
AZ,2017,11211,millions of us dollars (USD),3.6029999999999998
AZ,2017,11212,millions of us dollars (USD),6.617
AZ,2017,1123,millions of us dollars (USD),0.019
AZ,2017,11114,millions of us dollars (USD),6.662
AZ,2017,11113,millions of us dollars (USD),0.040999999999999995
NH,2012,11115,millions of us dollars (USD),0.736
NH,2012,1114,millions of us dollars (USD),51.361999999999995
NH,2012,11211,millions of us dollars (USD),0.293
NH,2012,11212,millions of us dollars (USD),5.854
NH,2012,1123,millions of us dollars (USD),0.118
NH,2012,1124,millions of us dollars (USD),0.06699999999999999
NH,2017,1112,millions of us dollars (USD),15.543999999999999
NH,2017,1114,millions of us dollars (USD),54.092
NH,2017,1119,millions of us dollars (USD),17.840999999999998
NH,2017,11211,millions of us dollars (USD),0.5559999999999999
NH,2017,11212,millions of us dollars (USD),5.4399999999999995
NH,2017,1129,millions of us dollars (USD),0.27599999999999997
OK,2012,11111,millions of us dollars (USD),12.229999999999999
OK,2012,11115,millions of us dollars (USD),182.023
OK,2012,11119,millions of us dollars (USD),158.97
OK,2012,1112,millions of us dollars (USD),18.813
OK,2012,1113,millions of us dollars (USD),32.144
OK,2012,1114,millions of us dollars (USD),208.94299999999998
OK,2012,1119,millions of us dollars (USD),248.00199999999998
OK,2012,11211,millions of us dollars (USD),255.88199999999998
OK,2012,11212,millions of us dollars (USD),7.262
OK,2012,1123,millions of us dollars (USD),1.74
OK,2012,1124,millions of us dollars (USD),0.529
OK,2012,1129,millions of us dollars (USD),3.501
OK,2012,11114,millions of us dollars (USD),727.871
OK,2012,11112,millions of us dollars (USD),17.038999999999998
OK,2017,11111,millions of us dollars (USD),101.291
OK,2017,11115,millions of us dollars (USD),111.913
OK,2017,11119,millions of us dollars (USD),222.694
OK,2017,1112,millions of us dollars (USD),16.340999999999998
OK,2017,1113,millions of us dollars (USD),38.262
OK,2017,1114,millions of us dollars (USD),159.046
OK,2017,1119,millions of us dollars (USD),467.93399999999997
OK,2017,11211,millions of us dollars (USD),226.17999999999998
OK,2017,11212,millions of us dollars (USD),7.258
OK,2017,1123,millions of us dollars (USD),1.5559999999999998
OK,2017,1129,millions of us dollars (USD),2.645
OK,2017,11114,millions of us dollars (USD),156.393
NE,2012,11111,millions of us dollars (USD),413.329
NE,2012,11115,millions of us dollars (USD),8052.2789999999995
NE,2012,11119,millions of us dollars (USD),1266.808
NE,2012,1112,millions of us dollars (USD),95.33399999999999
NE,2012,1113,millions of us dollars (USD),2.323
NE,2012,1114,millions of us dollars (USD),44.711
NE,2012,1119,millions of us dollars (USD),396.71799999999996
NE,2012,11211,millions of us dollars (USD),795.0469999999999
NE,2012,11212,millions of us dollars (USD),21.77
NE,2012,1122,millions of us dollars (USD),79.03699999999999
NE,2012,1123,millions of us dollars (USD),6.59
NE,2012,1129,millions of us dollars (USD),35.663
NE,2012,11114,millions of us dollars (USD),154.785
NE,2012,11113,millions of us dollars (USD),12.392999999999999
NE,2012,11112,millions of us dollars (USD),0.595
NE,2017,11111,millions of us dollars (USD),759.8679999999999
NE,2017,11115,millions of us dollars (USD),5723.427
NE,2017,11119,millions of us dollars (USD),1614.078
NE,2017,1112,millions of us dollars (USD),87.176
NE,2017,1113,millions of us dollars (USD),2.586
NE,2017,1114,millions of us dollars (USD),52.592
NE,2017,1119,millions of us dollars (USD),141.153
NE,2017,11211,millions of us dollars (USD),682.838
NE,2017,11212,millions of us dollars (USD),32.092
NE,2017,1122,millions of us dollars (USD),86.774
NE,2017,1123,millions of us dollars (USD),4.697
NE,2017,1124,millions of us dollars (USD),0.617
NE,2017,1125,millions of us dollars (USD),0.03
NE,2017,1129,millions of us dollars (USD),25.657999999999998
NE,2017,11114,millions of us dollars (USD),43.864999999999995
NE,2017,11113,millions of us dollars (USD),51.166999999999994
NE,2017,11112,millions of us dollars (USD),2.3899999999999997
KY,2012,11111,millions of us dollars (USD),429.938
KY,2012,11115,millions of us dollars (USD),395.313
KY,2012,11119,millions of us dollars (USD),712.826
KY,2012,1112,millions of us dollars (USD),22.017
KY,2012,1113,millions of us dollars (USD),6.096
KY,2012,1114,millions of us dollars (USD),73.88199999999999
KY,2012,1119,millions of us dollars (USD),442.844
KY,2012,11211,millions of us dollars (USD),96.449
KY,2012,11212,millions of us dollars (USD),40.556999999999995
KY,2012,1122,millions of us dollars (USD),14.366
KY,2012,1123,millions of us dollars (USD),36.122
KY,2012,1124,millions of us dollars (USD),0.426
KY,2012,1125,millions of us dollars (USD),0.04
KY,2012,1129,millions of us dollars (USD),5.638999999999999
KY,2017,11111,millions of us dollars (USD),550.723
KY,2017,11115,millions of us dollars (USD),562.283
KY,2017,11119,millions of us dollars (USD),640.106
KY,2017,1112,millions of us dollars (USD),25.456999999999997
KY,2017,1113,millions of us dollars (USD),6.146
KY,2017,1114,millions of us dollars (USD),74.541
KY,2017,1119,millions of us dollars (USD),479.787
KY,2017,11211,millions of us dollars (USD),98.752
KY,2017,11212,millions of us dollars (USD),35.071999999999996
KY,2017,1122,millions of us dollars (USD),12.270999999999999
KY,2017,1123,millions of us dollars (USD),43.714999999999996
KY,2017,1129,millions of us dollars (USD),10.799
NM,2012,11115,millions of us dollars (USD),39.838
NM,2012,11119,millions of us dollars (USD),49.144
NM,2012,1112,millions of us dollars (USD),97.383
NM,2012,1113,millions of us dollars (USD),105.878
NM,2012,1114,millions of us dollars (USD),44.711999999999996
NM,2012,1119,millions of us dollars (USD),248.099
NM,2012,11211,millions of us dollars (USD),21.604
NM,2012,11212,millions of us dollars (USD),7.592
NM,2012,1129,millions of us dollars (USD),0.416
NM,2017,11115,millions of us dollars (USD),39.748
NM,2017,11119,millions of us dollars (USD),46.393
NM,2017,1112,millions of us dollars (USD),98.261
NM,2017,1113,millions of us dollars (USD),202.47899999999998
NM,2017,1114,millions of us dollars (USD),39.912
NM,2017,1119,millions of us dollars (USD),186.119
NM,2017,11211,millions of us dollars (USD),24.055999999999997
NM,2017,11212,millions of us dollars (USD),10.975
NM,2017,1123,millions of us dollars (USD),0.056999999999999995
NM,2017,1124,millions of us dollars (USD),0.13799999999999998
NM,2017,1129,millions of us dollars (USD),1.048
NM,2017,11114,millions of us dollars (USD),1.357
IL,2012,11111,millions of us dollars (USD),2587.484
IL,2012,11115,millions of us dollars (USD),9464.215
IL,2012,11119,millions of us dollars (USD),1068.974
IL,2012,1112,millions of us dollars (USD),99.95299999999999
IL,2012,1113,millions of us dollars (USD),18.899
IL,2012,1114,millions of us dollars (USD),326.74399999999997
IL,2012,1119,millions of us dollars (USD),64.886
IL,2012,11211,millions of us dollars (USD),190.46099999999998
IL,2012,11212,millions of us dollars (USD),61.751
IL,2012,1122,millions of us dollars (USD),205.227
IL,2017,11111,millions of us dollars (USD),2660.348
IL,2017,11115,millions of us dollars (USD),8722.722
IL,2017,11119,millions of us dollars (USD),1435.032
IL,2017,1112,millions of us dollars (USD),101.317
IL,2017,1113,millions of us dollars (USD),22.776
IL,2017,1114,millions of us dollars (USD),371.546
IL,2017,1119,millions of us dollars (USD),53.421
IL,2017,11211,millions of us dollars (USD),118.50999999999999
IL,2017,11212,millions of us dollars (USD),75.27199999999999
IL,2017,1122,millions of us dollars (USD),244.684
IL,2017,1123,millions of us dollars (USD),4.3759999999999994
IL,2017,1124,millions of us dollars (USD),0.891
IL,2017,1129,millions of us dollars (USD),26.602
NC,2012,11111,millions of us dollars (USD),265.19399999999996
NC,2012,11115,millions of us dollars (USD),321.858
NC,2012,11119,millions of us dollars (USD),706.7149999999999
NC,2012,1112,millions of us dollars (USD),392.796
NC,2012,1113,millions of us dollars (USD),76.862
NC,2012,1114,millions of us dollars (USD),642.401
NC,2012,1119,millions of us dollars (USD),1528.397
NC,2012,11211,millions of us dollars (USD),14.83
NC,2012,11212,millions of us dollars (USD),16.592
NC,2012,1122,millions of us dollars (USD),116.133
NC,2012,1123,millions of us dollars (USD),183.438
NC,2012,1124,millions of us dollars (USD),0.19999999999999998
NC,2012,1125,millions of us dollars (USD),0.121
NC,2012,1129,millions of us dollars (USD),32.244
NC,2012,11114,millions of us dollars (USD),5.098
NC,2017,11111,millions of us dollars (USD),231.695
NC,2017,11115,millions of us dollars (USD),240.755
NC,2017,11119,millions of us dollars (USD),362.53499999999997
NC,2017,1112,millions of us dollars (USD),482.76
NC,2017,1113,millions of us dollars (USD),101.90599999999999
NC,2017,1114,millions of us dollars (USD),636.733
NC,2017,1119,millions of us dollars (USD),1383.293
NC,2017,11211,millions of us dollars (USD),15.806
NC,2017,11212,millions of us dollars (USD),15.417
NC,2017,1122,millions of us dollars (USD),95.854
NC,2017,1123,millions of us dollars (USD),139.152
NC,2017,1124,millions of us dollars (USD),0.444
NC,2017,1125,millions of us dollars (USD),0.286
NC,2017,1129,millions of us dollars (USD),27.232
NC,2017,11114,millions of us dollars (USD),1.1059999999999999
VA,2012,11111,millions of us dollars (USD),155.405
VA,2012,11115,millions of us dollars (USD),89.94
VA,2012,11119,millions of us dollars (USD),289.181
VA,2012,1112,millions of us dollars (USD),85.35499999999999
VA,2012,1113,millions of us dollars (USD),62.334999999999994
VA,2012,1114,millions of us dollars (USD),250.35399999999998
VA,2012,1119,millions of us dollars (USD),306.352
VA,2012,11211,millions of us dollars (USD),49.189
VA,2012,11212,millions of us dollars (USD),37.629
VA,2012,1123,millions of us dollars (USD),24.997
VA,2012,1124,millions of us dollars (USD),0.307
VA,2012,1129,millions of us dollars (USD),3.481
VA,2012,11114,millions of us dollars (USD),2.904
VA,2017,11111,millions of us dollars (USD),123.16199999999999
VA,2017,11115,millions of us dollars (USD),91.65899999999999
VA,2017,11119,millions of us dollars (USD),175.896
VA,2017,1112,millions of us dollars (USD),114.008
VA,2017,1113,millions of us dollars (USD),70.482
VA,2017,1114,millions of us dollars (USD),339.539
VA,2017,1119,millions of us dollars (USD),322.459
VA,2017,11211,millions of us dollars (USD),60.744
VA,2017,11212,millions of us dollars (USD),30.456
VA,2017,1122,millions of us dollars (USD),2.948
VA,2017,1123,millions of us dollars (USD),22.752
VA,2017,1124,millions of us dollars (USD),0.39999999999999997
VA,2017,1125,millions of us dollars (USD),0.013
VA,2017,1129,millions of us dollars (USD),6.403
VA,2017,11114,millions of us dollars (USD),0.535
CT,2012,1112,millions of us dollars (USD),32.964999999999996
CT,2012,1113,millions of us dollars (USD),27.067999999999998
CT,2012,1114,millions of us dollars (USD),258.589
CT,2012,1119,millions of us dollars (USD),49.181
CT,2012,11211,millions of us dollars (USD),0.355
CT,2012,11212,millions of us dollars (USD),13.157
CT,2012,1122,millions of us dollars (USD),0.072
CT,2012,1123,millions of us dollars (USD),0.06999999999999999
CT,2012,1129,millions of us dollars (USD),0.253
CT,2017,1112,millions of us dollars (USD),34.704
CT,2017,1113,millions of us dollars (USD),23.884
CT,2017,1114,millions of us dollars (USD),301.144
CT,2017,1119,millions of us dollars (USD),46.629
CT,2017,11211,millions of us dollars (USD),0.498
CT,2017,11212,millions of us dollars (USD),9.424999999999999
CT,2017,1123,millions of us dollars (USD),0.174
CT,2017,1124,millions of us dollars (USD),0.053
MI,2012,11111,millions of us dollars (USD),393.542
MI,2012,11115,millions of us dollars (USD),1644.3329999999999
MI,2012,11119,millions of us dollars (USD),1360.028
MI,2012,1112,millions of us dollars (USD),454.089
MI,2012,1113,millions of us dollars (USD),249.887
MI,2012,1114,millions of us dollars (USD),754.5849999999999
MI,2012,1119,millions of us dollars (USD),261.667
MI,2012,11211,millions of us dollars (USD),89.83999999999999
MI,2012,11212,millions of us dollars (USD),185.04399999999998
MI,2012,1122,millions of us dollars (USD),64.303
MI,2012,1123,millions of us dollars (USD),13.575999999999999
MI,2012,1124,millions of us dollars (USD),1.311
MI,2012,1125,millions of us dollars (USD),0.006
MI,2012,1129,millions of us dollars (USD),11.219999999999999
MI,2012,11114,millions of us dollars (USD),13.055
MI,2017,11111,millions of us dollars (USD),522.422
MI,2017,11115,millions of us dollars (USD),886.323
MI,2017,11119,millions of us dollars (USD),942.413
MI,2017,1112,millions of us dollars (USD),528.483
MI,2017,1113,millions of us dollars (USD),437.346
MI,2017,1114,millions of us dollars (USD),765.7819999999999
MI,2017,1119,millions of us dollars (USD),196.944
MI,2017,11211,millions of us dollars (USD),96.803
MI,2017,11212,millions of us dollars (USD),151.33499999999998
MI,2017,1122,millions of us dollars (USD),67.286
MI,2017,1123,millions of us dollars (USD),8.687999999999999
MI,2017,1124,millions of us dollars (USD),1.274
MI,2017,1125,millions of us dollars (USD),0.033
MI,2017,1129,millions of us dollars (USD),7.7459999999999996
MI,2017,11114,millions of us dollars (USD),4.476
MI,2017,11113,millions of us dollars (USD),26.858999999999998
MI,2017,11112,millions of us dollars (USD),0.039
DE,2012,11115,millions of us dollars (USD),117.60499999999999
DE,2012,11119,millions of us dollars (USD),165.79999999999998
DE,2012,1112,millions of us dollars (USD),48.71
DE,2012,1119,millions of us dollars (USD),12.613999999999999
DE,2012,1123,millions of us dollars (USD),46.393
DE,2017,11115,millions of us dollars (USD),100.70299999999999
DE,2017,11119,millions of us dollars (USD),62.202999999999996
DE,2017,1112,millions of us dollars (USD),54.611
DE,2017,1113,millions of us dollars (USD),1.88
DE,2017,1114,millions of us dollars (USD),24.418
DE,2017,1119,millions of us dollars (USD),7.935
DE,2017,11211,millions of us dollars (USD),1.784
DE,2017,11212,millions of us dollars (USD),4.428
DE,2017,1123,millions of us dollars (USD),43.69
DE,2017,1129,millions of us dollars (USD),0.081
HI,2012,11115,millions of us dollars (USD),152.399
HI,2012,1113,millions of us dollars (USD),149.185
HI,2012,1114,millions of us dollars (USD),80.999
HI,2012,1123,millions of us dollars (USD),0.005
HI,2012,1129,millions of us dollars (USD),0.25
HI,2017,11115,millions of us dollars (USD),85.207
HI,2017,1113,millions of us dollars (USD),141.271
HI,2017,1114,millions of us dollars (USD),101.246
HI,2017,1119,millions of us dollars (USD),0.967
HI,2017,11211,millions of us dollars (USD),0.525
HI,2017,1129,millions of us dollars (USD),0.599
GA,2012,11111,millions of us dollars (USD),29.404999999999998
GA,2012,11115,millions of us dollars (USD),106.408
GA,2012,11119,millions of us dollars (USD),122.71199999999999
GA,2012,1112,millions of us dollars (USD),367.851
GA,2012,1113,millions of us dollars (USD),280.693
GA,2012,1114,millions of us dollars (USD),254.06099999999998
GA,2012,1119,millions of us dollars (USD),2388.961
GA,2012,11211,millions of us dollars (USD),17.747
GA,2012,11212,millions of us dollars (USD),17.596
GA,2012,1122,millions of us dollars (USD),2.8619999999999997
GA,2012,1123,millions of us dollars (USD),66.661
GA,2012,1124,millions of us dollars (USD),0.152
GA,2012,1125,millions of us dollars (USD),0.018
GA,2012,1129,millions of us dollars (USD),4.229
GA,2012,11114,millions of us dollars (USD),11.088999999999999
GA,2017,11111,millions of us dollars (USD),15.411999999999999
GA,2017,11115,millions of us dollars (USD),43.138
GA,2017,11119,millions of us dollars (USD),27.767
GA,2017,1112,millions of us dollars (USD),550.262
GA,2017,1113,millions of us dollars (USD),399.368
GA,2017,1114,millions of us dollars (USD),318.83299999999997
GA,2017,1119,millions of us dollars (USD),1813.914
GA,2017,11211,millions of us dollars (USD),18.822
GA,2017,11212,millions of us dollars (USD),17.334
GA,2017,1123,millions of us dollars (USD),63.568
GA,2017,1129,millions of us dollars (USD),2.014
GA,2017,11114,millions of us dollars (USD),0.176
GA,2017,11112,millions of us dollars (USD),0.031
CA,2012,11115,millions of us dollars (USD),161.60399999999998
CA,2012,11119,millions of us dollars (USD),155.74099999999999
CA,2012,1112,millions of us dollars (USD),6389.735
CA,2012,1113,millions of us dollars (USD),17350.27
CA,2012,1114,millions of us dollars (USD),2512.9719999999998
CA,2012,1119,millions of us dollars (USD),2697.4269999999997
CA,2012,11211,millions of us dollars (USD),58.837999999999994
CA,2012,11212,millions of us dollars (USD),225.821
CA,2012,1123,millions of us dollars (USD),14.578
CA,2012,1124,millions of us dollars (USD),6.135
CA,2012,1129,millions of us dollars (USD),3.796
CA,2012,11114,millions of us dollars (USD),35.18
CA,2012,11116,millions of us dollars (USD),740.7819999999999
CA,2017,11115,millions of us dollars (USD),82.25
CA,2017,11119,millions of us dollars (USD),73.021
CA,2017,1112,millions of us dollars (USD),8172.383
CA,2017,1113,millions of us dollars (USD),19504.021
CA,2017,1114,millions of us dollars (USD),2928.998
CA,2017,1119,millions of us dollars (USD),1758.232
CA,2017,11211,millions of us dollars (USD),36.256
CA,2017,11212,millions of us dollars (USD),230.702
CA,2017,1122,millions of us dollars (USD),1.3559999999999999
CA,2017,1123,millions of us dollars (USD),23.680999999999997
CA,2017,1124,millions of us dollars (USD),3.3699999999999997
CA,2017,1125,millions of us dollars (USD),0.886
CA,2017,1129,millions of us dollars (USD),3.209
CA,2017,11114,millions of us dollars (USD),17.83
CA,2017,11113,millions of us dollars (USD),10.774
CA,2017,11112,millions of us dollars (USD),2.8979999999999997
CA,2017,11116,millions of us dollars (USD),503.96799999999996
ME,2012,1112,millions of us dollars (USD),220.62099999999998
ME,2012,1113,millions of us dollars (USD),112.89999999999999
ME,2012,1114,millions of us dollars (USD),73.502
ME,2012,1119,millions of us dollars (USD),47.510999999999996
ME,2012,11211,millions of us dollars (USD),1.423
ME,2012,11212,millions of us dollars (USD),13.091999999999999
ME,2012,1122,millions of us dollars (USD),0.038
ME,2012,1129,millions of us dollars (USD),0.48
ME,2017,1112,millions of us dollars (USD),231.08599999999998
ME,2017,1113,millions of us dollars (USD),50.519999999999996
ME,2017,1114,millions of us dollars (USD),72.05
ME,2017,1119,millions of us dollars (USD),39.555
ME,2017,11212,millions of us dollars (USD),7.729
ME,2017,1123,millions of us dollars (USD),0.13699999999999998
ME,2017,1124,millions of us dollars (USD),0.049999999999999996
ME,2017,1129,millions of us dollars (USD),0.721
MA,2012,1112,millions of us dollars (USD),79.378
MA,2012,1113,millions of us dollars (USD),122.384
MA,2012,1114,millions of us dollars (USD),146.054
MA,2012,1119,millions of us dollars (USD),22.863
MA,2012,11211,millions of us dollars (USD),0.285
MA,2012,11212,millions of us dollars (USD),8.232
MA,2012,1122,millions of us dollars (USD),0.06899999999999999
MA,2012,1123,millions of us dollars (USD),0.08199999999999999
MA,2012,1129,millions of us dollars (USD),0.376
MA,2017,11115,millions of us dollars (USD),1.528
MA,2017,1112,millions of us dollars (USD),106.871
MA,2017,1113,millions of us dollars (USD),85.10199999999999
MA,2017,1114,millions of us dollars (USD),134.161
MA,2017,1119,millions of us dollars (USD),29.212
MA,2017,11211,millions of us dollars (USD),0.648
MA,2017,11212,millions of us dollars (USD),4.603
MA,2017,1125,millions of us dollars (USD),0.287
MA,2017,1129,millions of us dollars (USD),0.423
MS,2012,11111,millions of us dollars (USD),980.8689999999999
MS,2012,11115,millions of us dollars (USD),628.098
MS,2012,11119,millions of us dollars (USD),718.636
MS,2012,1112,millions of us dollars (USD),84.255
MS,2012,1113,millions of us dollars (USD),21.009
MS,2012,1114,millions of us dollars (USD),62.41
MS,2012,1119,millions of us dollars (USD),378.728
MS,2012,11211,millions of us dollars (USD),16.486
MS,2012,11212,millions of us dollars (USD),3.8129999999999997
MS,2012,1122,millions of us dollars (USD),1.272
MS,2012,1123,millions of us dollars (USD),11.674999999999999
MS,2012,1124,millions of us dollars (USD),0.048999999999999995
MS,2012,1125,millions of us dollars (USD),5.164
MS,2012,1129,millions of us dollars (USD),1.304
MS,2012,11114,millions of us dollars (USD),18.012999999999998
MS,2012,11113,millions of us dollars (USD),0.081
MS,2012,11112,millions of us dollars (USD),0.012
MS,2012,11116,millions of us dollars (USD),41.701
MS,2017,11111,millions of us dollars (USD),1108.277
MS,2017,11115,millions of us dollars (USD),106.87299999999999
MS,2017,11119,millions of us dollars (USD),264.664
MS,2017,1112,millions of us dollars (USD),106.759
MS,2017,1113,millions of us dollars (USD),15.004999999999999
MS,2017,1114,millions of us dollars (USD),55.724
MS,2017,1119,millions of us dollars (USD),544.744
MS,2017,11211,millions of us dollars (USD),20.663
MS,2017,11212,millions of us dollars (USD),2.3939999999999997
MS,2017,1122,millions of us dollars (USD),0.238
MS,2017,1123,millions of us dollars (USD),12.152
MS,2017,1124,millions of us dollars (USD),0.051
MS,2017,1125,millions of us dollars (USD),7.895
MS,2017,1129,millions of us dollars (USD),0.572
MS,2017,11116,millions of us dollars (USD),42.946
WA,2012,11115,millions of us dollars (USD),102.238
WA,2012,11119,millions of us dollars (USD),102.76899999999999
WA,2012,1112,millions of us dollars (USD),1148.616
WA,2012,1113,millions of us dollars (USD),2880.249
WA,2012,1114,millions of us dollars (USD),350.746
WA,2012,1119,millions of us dollars (USD),814.973
WA,2012,11211,millions of us dollars (USD),32.234
WA,2012,11212,millions of us dollars (USD),26.703999999999997
WA,2012,1122,millions of us dollars (USD),0.034999999999999996
WA,2012,1123,millions of us dollars (USD),1.277
WA,2012,1124,millions of us dollars (USD),0.289
WA,2012,1125,millions of us dollars (USD),0.066
WA,2012,1129,millions of us dollars (USD),2.069
WA,2012,11114,millions of us dollars (USD),1003.102
WA,2012,11113,millions of us dollars (USD),18.698999999999998
WA,2012,11112,millions of us dollars (USD),7.976999999999999
WA,2017,11119,millions of us dollars (USD),122.371
WA,2017,1112,millions of us dollars (USD),1236.322
WA,2017,1113,millions of us dollars (USD),3607.836
WA,2017,1114,millions of us dollars (USD),378.34999999999997
WA,2017,1119,millions of us dollars (USD),914.8629999999999
WA,2017,11211,millions of us dollars (USD),24.468
WA,2017,11212,millions of us dollars (USD),24.798
WA,2017,1122,millions of us dollars (USD),0.16599999999999998
WA,2017,1123,millions of us dollars (USD),1.335
WA,2017,1124,millions of us dollars (USD),0.26899999999999996
WA,2017,1125,millions of us dollars (USD),0.004
WA,2017,1129,millions of us dollars (USD),1.698
WA,2017,11114,millions of us dollars (USD),588.472
TX,2012,11111,millions of us dollars (USD),10.24
TX,2012,11115,millions of us dollars (USD),1228.176
TX,2012,11119,millions of us dollars (USD),1175.585
TX,2012,1112,millions of us dollars (USD),445.883
TX,2012,1113,millions of us dollars (USD),227.399
TX,2012,1114,millions of us dollars (USD),1010.91
TX,2012,1119,millions of us dollars (USD),2444.1389999999997
TX,2012,11211,millions of us dollars (USD),347.707
TX,2012,11212,millions of us dollars (USD),18.358999999999998
TX,2012,1122,millions of us dollars (USD),1.4
TX,2012,1123,millions of us dollars (USD),9.071
TX,2012,1124,millions of us dollars (USD),3.311
TX,2012,1125,millions of us dollars (USD),0.717
TX,2012,1129,millions of us dollars (USD),20.843
TX,2012,11114,millions of us dollars (USD),286.34499999999997
TX,2012,11116,millions of us dollars (USD),126.443
TX,2017,11111,millions of us dollars (USD),18.922
TX,2017,11115,millions of us dollars (USD),939.3839999999999
TX,2017,11119,millions of us dollars (USD),619.217
TX,2017,1112,millions of us dollars (USD),350.579
TX,2017,1113,millions of us dollars (USD),189.731
TX,2017,1114,millions of us dollars (USD),835.41
TX,2017,1119,millions of us dollars (USD),3466.453
TX,2017,11211,millions of us dollars (USD),253.194
TX,2017,11212,millions of us dollars (USD),33.265
TX,2017,1122,millions of us dollars (USD),0.421
TX,2017,1123,millions of us dollars (USD),5.1209999999999996
TX,2017,1124,millions of us dollars (USD),2.092
TX,2017,1125,millions of us dollars (USD),1.061
TX,2017,1129,millions of us dollars (USD),10.561
TX,2017,11114,millions of us dollars (USD),60.245999999999995
TX,2017,11116,millions of us dollars (USD),107.208
AL,2012,11111,millions of us dollars (USD),101.975
AL,2012,11115,millions of us dollars (USD),72.383
AL,2012,11119,millions of us dollars (USD),219.11399999999998
AL,2012,1112,millions of us dollars (USD),45.128
AL,2012,1113,millions of us dollars (USD),21.66
AL,2012,1114,millions of us dollars (USD),251.10999999999999
AL,2012,1119,millions of us dollars (USD),527.228
AL,2012,11211,millions of us dollars (USD),21.27
AL,2012,11212,millions of us dollars (USD),2.116
AL,2012,1122,millions of us dollars (USD),0.6729999999999999
AL,2012,1123,millions of us dollars (USD),45.262
AL,2012,1124,millions of us dollars (USD),0.131
AL,2012,1125,millions of us dollars (USD),1.126
AL,2012,1129,millions of us dollars (USD),2.775
AL,2012,11114,millions of us dollars (USD),2.8779999999999997
AL,2012,11113,millions of us dollars (USD),0.142
AL,2017,11111,millions of us dollars (USD),60.334999999999994
AL,2017,11115,millions of us dollars (USD),55.964
AL,2017,11119,millions of us dollars (USD),186.327
AL,2017,1112,millions of us dollars (USD),52.199999999999996
AL,2017,1113,millions of us dollars (USD),15.607
AL,2017,1114,millions of us dollars (USD),295.47999999999996
AL,2017,1119,millions of us dollars (USD),464.823
AL,2017,11211,millions of us dollars (USD),32.99
AL,2017,11212,millions of us dollars (USD),0.583
AL,2017,1122,millions of us dollars (USD),0.358
AL,2017,1123,millions of us dollars (USD),42.552
AL,2017,1124,millions of us dollars (USD),0.143
AL,2017,1125,millions of us dollars (USD),1.073
AL,2017,1129,millions of us dollars (USD),3.2359999999999998
NV,2012,1112,millions of us dollars (USD),47.876
NV,2012,1119,millions of us dollars (USD),266.907
NV,2012,11211,millions of us dollars (USD),27.115
NV,2012,11212,millions of us dollars (USD),1.534
NV,2017,1112,millions of us dollars (USD),25.855
NV,2017,1119,millions of us dollars (USD),204.802
NV,2017,11211,millions of us dollars (USD),16.349
NV,2017,11212,millions of us dollars (USD),1.315
NV,2017,1124,millions of us dollars (USD),2.375
NV,2017,1129,millions of us dollars (USD),0.772
NV,2017,11113,millions of us dollars (USD),0.7
SD,2012,11111,millions of us dollars (USD),344.115
SD,2012,11115,millions of us dollars (USD),2641.313
SD,2012,11119,millions of us dollars (USD),1890.625
SD,2012,1112,millions of us dollars (USD),1.543
SD,2012,1113,millions of us dollars (USD),0.7829999999999999
SD,2012,1114,millions of us dollars (USD),14.190999999999999
SD,2012,1119,millions of us dollars (USD),160.612
SD,2012,11211,millions of us dollars (USD),511.24399999999997
SD,2012,11212,millions of us dollars (USD),28.064999999999998
SD,2012,1122,millions of us dollars (USD),56.282
SD,2012,1123,millions of us dollars (USD),21.073
SD,2012,1129,millions of us dollars (USD),79.207
SD,2012,11114,millions of us dollars (USD),289.484
SD,2017,11111,millions of us dollars (USD),968.269
SD,2017,11115,millions of us dollars (USD),1542.538
SD,2017,11119,millions of us dollars (USD),1792.539
SD,2017,1113,millions of us dollars (USD),1.302
SD,2017,1114,millions of us dollars (USD),20.601
SD,2017,1119,millions of us dollars (USD),95.84899999999999
SD,2017,11211,millions of us dollars (USD),487.09
SD,2017,11212,millions of us dollars (USD),30.718
SD,2017,1122,millions of us dollars (USD),71.51599999999999
SD,2017,1129,millions of us dollars (USD),66.78099999999999
SD,2017,11112,millions of us dollars (USD),56.187999999999995
MN,2012,11111,millions of us dollars (USD),811.4509999999999
MN,2012,11115,millions of us dollars (USD),7969.402999999999
MN,2012,11119,millions of us dollars (USD),2784.499
MN,2012,1112,millions of us dollars (USD),253.941
MN,2012,1113,millions of us dollars (USD),16.613
MN,2012,1114,millions of us dollars (USD),214.456
MN,2012,1119,millions of us dollars (USD),622.826
MN,2012,11211,millions of us dollars (USD),219.236
MN,2012,11212,millions of us dollars (USD),311.505
MN,2012,1122,millions of us dollars (USD),368.817
MN,2012,1123,millions of us dollars (USD),57.391
MN,2012,1129,millions of us dollars (USD),71.151
MN,2012,11114,millions of us dollars (USD),134.587
MN,2017,11111,millions of us dollars (USD),981.876
MN,2017,11115,millions of us dollars (USD),4527.856
MN,2017,11119,millions of us dollars (USD),2389.7889999999998
MN,2017,1112,millions of us dollars (USD),265.103
MN,2017,1113,millions of us dollars (USD),24.854
MN,2017,1114,millions of us dollars (USD),286.13
MN,2017,1119,millions of us dollars (USD),428.12
MN,2017,11211,millions of us dollars (USD),335.111
MN,2017,11212,millions of us dollars (USD),237.927
MN,2017,1122,millions of us dollars (USD),401.493
MN,2017,1123,millions of us dollars (USD),47.535
MN,2017,1124,millions of us dollars (USD),2.488
MN,2017,1125,millions of us dollars (USD),0.15
MN,2017,1129,millions of us dollars (USD),79.657
MN,2017,11114,millions of us dollars (USD),154.79999999999998
MN,2017,11113,millions of us dollars (USD),25.825
MN,2017,11112,millions of us dollars (USD),2.804
VT,2012,1112,millions of us dollars (USD),18.887999999999998
VT,2012,1113,millions of us dollars (USD),10.994
VT,2012,1114,millions of us dollars (USD),25.669999999999998
VT,2012,1119,millions of us dollars (USD),60.75
VT,2012,11211,millions of us dollars (USD),3.509
VT,2012,11212,millions of us dollars (USD),49.89
VT,2012,1122,millions of us dollars (USD),0.011
VT,2012,1123,millions of us dollars (USD),0.346
VT,2012,1124,millions of us dollars (USD),0.518
VT,2012,1129,millions of us dollars (USD),0.5489999999999999
VT,2017,11111,millions of us dollars (USD),0.961
VT,2017,1112,millions of us dollars (USD),23.387999999999998
VT,2017,1113,millions of us dollars (USD),17.794
VT,2017,1114,millions of us dollars (USD),24.432
VT,2017,1119,millions of us dollars (USD),76.282
VT,2017,11211,millions of us dollars (USD),2.6919999999999997
VT,2017,11212,millions of us dollars (USD),35.583999999999996
MO,2012,11111,millions of us dollars (USD),1406.104
MO,2012,11115,millions of us dollars (USD),1066.113
MO,2012,11119,millions of us dollars (USD),1153.7279999999998
MO,2012,1112,millions of us dollars (USD),55.021
MO,2012,1113,millions of us dollars (USD),24.047
MO,2012,1114,millions of us dollars (USD),86.065
MO,2012,1119,millions of us dollars (USD),374.954
MO,2012,11211,millions of us dollars (USD),178.482
MO,2012,11212,millions of us dollars (USD),18.195
MO,2012,1122,millions of us dollars (USD),38.028999999999996
MO,2012,1123,millions of us dollars (USD),11.308
MO,2012,1129,millions of us dollars (USD),9.953
MO,2012,11114,millions of us dollars (USD),40.659
MO,2012,11116,millions of us dollars (USD),103.312
MO,2017,11111,millions of us dollars (USD),2028.608
MO,2017,11115,millions of us dollars (USD),1264.0159999999998
MO,2017,11119,millions of us dollars (USD),1238.854
MO,2017,1113,millions of us dollars (USD),26.811
MO,2017,1114,millions of us dollars (USD),119.217
MO,2017,1119,millions of us dollars (USD),347.438
MO,2017,11211,millions of us dollars (USD),181.656
MO,2017,11212,millions of us dollars (USD),19.493
MO,2017,1122,millions of us dollars (USD),56.440999999999995
MO,2017,1123,millions of us dollars (USD),14.035
MO,2017,1124,millions of us dollars (USD),0.8039999999999999
MO,2017,1125,millions of us dollars (USD),0.372
MO,2017,1129,millions of us dollars (USD),12.331
MO,2017,11114,millions of us dollars (USD),4.8709999999999996
MO,2017,11116,millions of us dollars (USD),101.69699999999999
IN,2012,11111,millions of us dollars (USD),1645.008
IN,2012,11115,millions of us dollars (USD),4269.989
IN,2012,11119,millions of us dollars (USD),968.697
IN,2012,1112,millions of us dollars (USD),69.509
IN,2012,1113,millions of us dollars (USD),10.716999999999999
IN,2012,1114,millions of us dollars (USD),110.121
IN,2012,1119,millions of us dollars (USD),57.649
IN,2012,11211,millions of us dollars (USD),38.986
IN,2012,11212,millions of us dollars (USD),68.125
IN,2012,1122,millions of us dollars (USD),219.821
IN,2012,1123,millions of us dollars (USD),50.988
IN,2012,1129,millions of us dollars (USD),14.687999999999999
IN,2012,11114,millions of us dollars (USD),5.239999999999999
IN,2012,11112,millions of us dollars (USD),0.01
IN,2017,11115,millions of us dollars (USD),3849.591
IN,2017,11119,millions of us dollars (USD),920.5809999999999
IN,2017,1112,millions of us dollars (USD),125.238
IN,2017,1113,millions of us dollars (USD),14.202
IN,2017,1114,millions of us dollars (USD),129.107
IN,2017,1119,millions of us dollars (USD),69.00999999999999
IN,2017,11211,millions of us dollars (USD),45.708
IN,2017,11212,millions of us dollars (USD),74.90299999999999
IN,2017,1122,millions of us dollars (USD),228.572
IN,2017,1123,millions of us dollars (USD),55.421
IN,2017,1124,millions of us dollars (USD),0.625
IN,2017,1129,millions of us dollars (USD),21.366
LA,2012,11111,millions of us dollars (USD),431.798
LA,2012,11115,millions of us dollars (USD),523.6089999999999
LA,2012,11119,millions of us dollars (USD),537.605
LA,2012,1112,millions of us dollars (USD),47.736999999999995
LA,2012,1113,millions of us dollars (USD),17.919
LA,2012,1114,millions of us dollars (USD),93.362
LA,2012,1119,millions of us dollars (USD),732.8439999999999
LA,2012,11211,millions of us dollars (USD),14.305
LA,2012,11212,millions of us dollars (USD),0.38799999999999996
LA,2012,1122,millions of us dollars (USD),0.002
LA,2012,1123,millions of us dollars (USD),1.694
LA,2012,1124,millions of us dollars (USD),0.002
LA,2012,1125,millions of us dollars (USD),1.335
LA,2012,1129,millions of us dollars (USD),1.091
LA,2012,11116,millions of us dollars (USD),364.378
LA,2017,11111,millions of us dollars (USD),580.869
LA,2017,11115,millions of us dollars (USD),225.981
LA,2017,1112,millions of us dollars (USD),45.339
LA,2017,1114,millions of us dollars (USD),133.10399999999998
LA,2017,1119,millions of us dollars (USD),529.193
LA,2017,11211,millions of us dollars (USD),11.136
LA,2017,11212,millions of us dollars (USD),1.682
LA,2017,1123,millions of us dollars (USD),1.327
LA,2017,1124,millions of us dollars (USD),0.023
LA,2017,1125,millions of us dollars (USD),11.029
LA,2017,1129,millions of us dollars (USD),2.0989999999999998
LA,2017,11116,millions of us dollars (USD),305.125
KS,2012,11111,millions of us dollars (USD),353.745
KS,2012,11115,millions of us dollars (USD),1883.309
KS,2012,11119,millions of us dollars (USD),2225.49
KS,2012,1114,millions of us dollars (USD),70.29299999999999
KS,2012,1119,millions of us dollars (USD),263.12399999999997
KS,2012,11211,millions of us dollars (USD),488.371
KS,2012,11212,millions of us dollars (USD),21.369999999999997
KS,2012,1122,millions of us dollars (USD),29.078
KS,2012,1129,millions of us dollars (USD),13.293
KS,2012,11114,millions of us dollars (USD),1601.5919999999999
KS,2012,11112,millions of us dollars (USD),7.564
KS,2017,11111,millions of us dollars (USD),1017.01
KS,2017,11115,millions of us dollars (USD),1639.2569999999998
KS,2017,11119,millions of us dollars (USD),2608.5119999999997
KS,2017,1112,millions of us dollars (USD),19.909
KS,2017,1113,millions of us dollars (USD),4.47
KS,2017,1114,millions of us dollars (USD),57.108
KS,2017,1119,millions of us dollars (USD),196.575
KS,2017,11211,millions of us dollars (USD),502.46799999999996
KS,2017,11212,millions of us dollars (USD),28.299
KS,2017,1122,millions of us dollars (USD),30.689
KS,2017,1129,millions of us dollars (USD),7.471
AR,2012,11111,millions of us dollars (USD),1232.4569999999999
AR,2012,11115,millions of us dollars (USD),348.93399999999997
AR,2012,11119,millions of us dollars (USD),1660.165
AR,2012,1112,millions of us dollars (USD),35.424
AR,2012,1113,millions of us dollars (USD),13.017999999999999
AR,2012,1114,millions of us dollars (USD),42.338
AR,2012,1119,millions of us dollars (USD),417.462
AR,2012,11211,millions of us dollars (USD),20.688
AR,2012,11212,millions of us dollars (USD),0.39899999999999997
AR,2012,1122,millions of us dollars (USD),0.204
AR,2012,1123,millions of us dollars (USD),13.149
AR,2012,1124,millions of us dollars (USD),0.119
AR,2012,1125,millions of us dollars (USD),0.237
AR,2012,1129,millions of us dollars (USD),0.941
AR,2012,11114,millions of us dollars (USD),9.213
AR,2012,11116,millions of us dollars (USD),1040.132
AR,2017,11111,millions of us dollars (USD),1523.694
AR,2017,11115,millions of us dollars (USD),83.542
AR,2017,11119,millions of us dollars (USD),711.8299999999999
AR,2017,1112,millions of us dollars (USD),42.896
AR,2017,1113,millions of us dollars (USD),16.503999999999998
AR,2017,1114,millions of us dollars (USD),45.802
AR,2017,1119,millions of us dollars (USD),352.0
AR,2017,11211,millions of us dollars (USD),29.506
AR,2017,11212,millions of us dollars (USD),1.544
AR,2017,1122,millions of us dollars (USD),0.374
AR,2017,1123,millions of us dollars (USD),14.373
AR,2017,1124,millions of us dollars (USD),0.079
AR,2017,1125,millions of us dollars (USD),1.021
AR,2017,11114,millions of us dollars (USD),0.745
AR,2017,11116,millions of us dollars (USD),799.198
NY,2012,11111,millions of us dollars (USD),29.11
NY,2012,11115,millions of us dollars (USD),413.132
NY,2012,11119,millions of us dollars (USD),159.20499999999998
NY,2012,1112,millions of us dollars (USD),354.99899999999997
NY,2012,1113,millions of us dollars (USD),305.659
NY,2012,1114,millions of us dollars (USD),411.82399999999996
NY,2012,1119,millions of us dollars (USD),191.146
NY,2012,11211,millions of us dollars (USD),33.080999999999996
NY,2012,11212,millions of us dollars (USD),324.289
NY,2012,1122,millions of us dollars (USD),3.2329999999999997
NY,2012,1123,millions of us dollars (USD),13.202
NY,2012,1124,millions of us dollars (USD),1.153
NY,2012,1125,millions of us dollars (USD),0.02
NY,2012,1129,millions of us dollars (USD),5.117999999999999
NY,2012,11114,millions of us dollars (USD),0.383
NY,2012,11113,millions of us dollars (USD),3.674
NY,2017,11115,millions of us dollars (USD),223.487
NY,2017,11119,millions of us dollars (USD),128.926
NY,2017,1112,millions of us dollars (USD),361.276
NY,2017,1113,millions of us dollars (USD),399.796
NY,2017,1114,millions of us dollars (USD),382.913
NY,2017,1119,millions of us dollars (USD),280.315
NY,2017,11211,millions of us dollars (USD),35.201
NY,2017,11212,millions of us dollars (USD),250.706
NY,2017,1122,millions of us dollars (USD),1.2389999999999999
NY,2017,1123,millions of us dollars (USD),8.115
NY,2017,1124,millions of us dollars (USD),1.198
NY,2017,1125,millions of us dollars (USD),0.044
NY,2017,1129,millions of us dollars (USD),4.534
OR,2012,11115,millions of us dollars (USD),28.677
OR,2012,11119,millions of us dollars (USD),62.12
OR,2012,1112,millions of us dollars (USD),475.39099999999996
OR,2012,1113,millions of us dollars (USD),495.471
OR,2012,1114,millions of us dollars (USD),853.3589999999999
OR,2012,1119,millions of us dollars (USD),934.765
OR,2012,11211,millions of us dollars (USD),78.788
OR,2012,11212,millions of us dollars (USD),9.388
OR,2012,1123,millions of us dollars (USD),1.863
OR,2012,1124,millions of us dollars (USD),1.17
OR,2012,1129,millions of us dollars (USD),3.181
OR,2012,11114,millions of us dollars (USD),299.332
OR,2017,11119,millions of us dollars (USD),24.212999999999997
OR,2017,1112,millions of us dollars (USD),521.387
OR,2017,1113,millions of us dollars (USD),584.685
OR,2017,1114,millions of us dollars (USD),999.4159999999999
OR,2017,1119,millions of us dollars (USD),896.963
OR,2017,11211,millions of us dollars (USD),45.376999999999995
OR,2017,11212,millions of us dollars (USD),9.536
OR,2017,1122,millions of us dollars (USD),0.105
OR,2017,1123,millions of us dollars (USD),0.38699999999999996
OR,2017,1124,millions of us dollars (USD),0.852
OR,2017,1129,millions of us dollars (USD),1.71
OR,2017,11114,millions of us dollars (USD),178.006
ND,2012,11111,millions of us dollars (USD),837.761
ND,2012,11115,millions of us dollars (USD),1938.071
ND,2012,11119,millions of us dollars (USD),4120.804
ND,2012,1113,millions of us dollars (USD),0.163
ND,2012,11211,millions of us dollars (USD),188.07899999999998
ND,2012,11212,millions of us dollars (USD),10.094
ND,2012,1124,millions of us dollars (USD),0.383
ND,2012,1129,millions of us dollars (USD),12.258999999999999
ND,2012,11114,millions of us dollars (USD),1545.888
ND,2012,11113,millions of us dollars (USD),90.157
ND,2012,11112,millions of us dollars (USD),262.901
ND,2017,11111,millions of us dollars (USD),1281.176
ND,2017,11115,millions of us dollars (USD),731.6429999999999
ND,2017,11119,millions of us dollars (USD),3231.27
ND,2017,1113,millions of us dollars (USD),0.158
ND,2017,1119,millions of us dollars (USD),238.304
ND,2017,11211,millions of us dollars (USD),169.433
ND,2017,11212,millions of us dollars (USD),12.529
ND,2017,1124,millions of us dollars (USD),0.257
ND,2017,1129,millions of us dollars (USD),8.479
ND,2017,11114,millions of us dollars (USD),460.55199999999996
ND,2017,11113,millions of us dollars (USD),90.791
ND,2017,11112,millions of us dollars (USD),165.49599999999998
SC,2012,11111,millions of us dollars (USD),43.637
SC,2012,11115,millions of us dollars (USD),133.232
SC,2012,11119,millions of us dollars (USD),222.672
SC,2012,1112,millions of us dollars (USD),110.493
SC,2012,1113,millions of us dollars (USD),69.65299999999999
SC,2012,1114,millions of us dollars (USD),163.846
SC,2012,1119,millions of us dollars (USD),480.60999999999996
SC,2012,11211,millions of us dollars (USD),4.997
SC,2012,11212,millions of us dollars (USD),6.29
SC,2012,1123,millions of us dollars (USD),47.175999999999995
SC,2012,1124,millions of us dollars (USD),0.096
SC,2012,1129,millions of us dollars (USD),1.5819999999999999
SC,2017,11111,millions of us dollars (USD),52.321
SC,2017,11115,millions of us dollars (USD),99.89399999999999
SC,2017,11119,millions of us dollars (USD),111.193
SC,2017,1112,millions of us dollars (USD),146.225
SC,2017,1113,millions of us dollars (USD),45.184
SC,2017,1114,millions of us dollars (USD),208.5
SC,2017,1119,millions of us dollars (USD),370.893
SC,2017,11211,millions of us dollars (USD),7.516
SC,2017,11212,millions of us dollars (USD),4.733
SC,2017,1122,millions of us dollars (USD),0.751
SC,2017,1123,millions of us dollars (USD),45.524
SC,2017,1124,millions of us dollars (USD),0.103
SC,2017,1129,millions of us dollars (USD),1.9829999999999999
ID,2012,11115,millions of us dollars (USD),126.273
ID,2012,11119,millions of us dollars (USD),435.419
ID,2012,1112,millions of us dollars (USD),1006.276
ID,2012,1113,millions of us dollars (USD),24.59
ID,2012,1114,millions of us dollars (USD),52.695
ID,2012,1119,millions of us dollars (USD),1215.539
ID,2012,11211,millions of us dollars (USD),101.19399999999999
ID,2012,11212,millions of us dollars (USD),62.211999999999996
ID,2012,1123,millions of us dollars (USD),0.484
ID,2012,1124,millions of us dollars (USD),2.7569999999999997
ID,2012,1129,millions of us dollars (USD),4.827
ID,2012,11114,millions of us dollars (USD),394.267
ID,2012,11113,millions of us dollars (USD),16.044
ID,2017,11115,millions of us dollars (USD),120.261
ID,2017,11119,millions of us dollars (USD),337.34499999999997
ID,2017,1112,millions of us dollars (USD),1341.769
ID,2017,1113,millions of us dollars (USD),26.052999999999997
ID,2017,1114,millions of us dollars (USD),66.261
ID,2017,1119,millions of us dollars (USD),1011.233
ID,2017,11211,millions of us dollars (USD),70.419
ID,2017,11212,millions of us dollars (USD),67.569
ID,2017,1124,millions of us dollars (USD),2.714
ID,2017,1125,millions of us dollars (USD),0.752
ID,2017,1129,millions of us dollars (USD),4.2219999999999995
ID,2017,11114,millions of us dollars (USD),148.607
ID,2017,11113,millions of us dollars (USD),10.706999999999999
NJ,2012,11115,millions of us dollars (USD),51.528
NJ,2012,11119,millions of us dollars (USD),28.404999999999998
NJ,2012,1112,millions of us dollars (USD),191.888
NJ,2012,1113,millions of us dollars (USD),145.672
NJ,2012,1114,millions of us dollars (USD),410.794
NJ,2012,1119,millions of us dollars (USD),26.057
NJ,2012,11211,millions of us dollars (USD),0.833
NJ,2012,11212,millions of us dollars (USD),4.662999999999999
NJ,2012,1123,millions of us dollars (USD),0.215
NJ,2012,1124,millions of us dollars (USD),0.104
NJ,2012,1125,millions of us dollars (USD),0.009
NJ,2012,1129,millions of us dollars (USD),0.6739999999999999
NJ,2017,11111,millions of us dollars (USD),20.953
NJ,2017,11115,millions of us dollars (USD),31.205
NJ,2017,11119,millions of us dollars (USD),24.429
NJ,2017,1112,millions of us dollars (USD),224.771
NJ,2017,1113,millions of us dollars (USD),134.677
NJ,2017,1114,millions of us dollars (USD),500.513
NJ,2017,1119,millions of us dollars (USD),40.216
NJ,2017,11211,millions of us dollars (USD),1.071
NJ,2017,11212,millions of us dollars (USD),5.064
NJ,2017,1122,millions of us dollars (USD),0.08299999999999999
NJ,2017,1123,millions of us dollars (USD),0.567
NJ,2017,1124,millions of us dollars (USD),0.102
NJ,2017,1125,millions of us dollars (USD),0.005
NJ,2017,1129,millions of us dollars (USD),0.832
NJ,2017,11114,millions of us dollars (USD),0.040999999999999995
UT,2012,11115,millions of us dollars (USD),28.855
UT,2012,11119,millions of us dollars (USD),24.134
UT,2012,1112,millions of us dollars (USD),15.09
UT,2012,1113,millions of us dollars (USD),30.878
UT,2012,1114,millions of us dollars (USD),108.987
UT,2012,1119,millions of us dollars (USD),282.705
UT,2012,11211,millions of us dollars (USD),37.498999999999995
UT,2012,11212,millions of us dollars (USD),16.355
UT,2012,1123,millions of us dollars (USD),1.98
UT,2012,1124,millions of us dollars (USD),2.9819999999999998
UT,2012,1129,millions of us dollars (USD),2.891
UT,2017,11115,millions of us dollars (USD),21.695999999999998
UT,2017,1112,millions of us dollars (USD),35.211
UT,2017,1113,millions of us dollars (USD),25.608999999999998
UT,2017,1114,millions of us dollars (USD),137.798
UT,2017,1119,millions of us dollars (USD),244.03
UT,2017,11211,millions of us dollars (USD),28.073
UT,2017,11212,millions of us dollars (USD),22.933
UT,2017,1123,millions of us dollars (USD),2.206
UT,2017,1124,millions of us dollars (USD),3.045
UT,2017,1129,millions of us dollars (USD),2.151
MT,2012,11115,millions of us dollars (USD),19.656
MT,2012,11119,millions of us dollars (USD),271.275
MT,2012,1112,millions of us dollars (USD),38.306999999999995
MT,2012,1119,millions of us dollars (USD),271.17199999999997
MT,2012,11211,millions of us dollars (USD),250.29399999999998
MT,2012,11212,millions of us dollars (USD),4.566
MT,2012,1123,millions of us dollars (USD),0.006
MT,2012,1129,millions of us dollars (USD),37.231
MT,2012,11114,millions of us dollars (USD),1291.396
MT,2017,11115,millions of us dollars (USD),17.384999999999998
MT,2017,11119,millions of us dollars (USD),353.736
MT,2017,1112,millions of us dollars (USD),55.687999999999995
MT,2017,1113,millions of us dollars (USD),4.452
MT,2017,1114,millions of us dollars (USD),29.788
MT,2017,1119,millions of us dollars (USD),275.18899999999996
MT,2017,11211,millions of us dollars (USD),151.037
MT,2017,11212,millions of us dollars (USD),4.669
MT,2017,1122,millions of us dollars (USD),3.7409999999999997
MT,2017,1123,millions of us dollars (USD),0.076
MT,2017,1124,millions of us dollars (USD),1.407
MT,2017,1129,millions of us dollars (USD),50.867999999999995
MT,2017,11114,millions of us dollars (USD),571.1759999999999
MT,2017,11113,millions of us dollars (USD),60.062999999999995
PA,2012,11111,millions of us dollars (USD),56.391999999999996
PA,2012,11115,millions of us dollars (USD),504.77
PA,2012,11119,millions of us dollars (USD),290.063
PA,2012,1112,millions of us dollars (USD),104.795
PA,2012,1113,millions of us dollars (USD),154.531
PA,2012,1114,millions of us dollars (USD),957.073
PA,2012,1119,millions of us dollars (USD),222.60899999999998
PA,2012,11211,millions of us dollars (USD),88.035
PA,2012,11212,millions of us dollars (USD),265.544
PA,2012,1122,millions of us dollars (USD),38.73
PA,2012,1123,millions of us dollars (USD),77.395
PA,2012,1124,millions of us dollars (USD),1.157
PA,2012,1125,millions of us dollars (USD),0.123
PA,2012,1129,millions of us dollars (USD),18.445
PA,2017,11111,millions of us dollars (USD),54.882
PA,2017,11115,millions of us dollars (USD),318.132
PA,2017,11119,millions of us dollars (USD),237.469
PA,2017,1112,millions of us dollars (USD),157.153
PA,2017,1113,millions of us dollars (USD),163.39
PA,2017,1114,millions of us dollars (USD),1038.802
PA,2017,1119,millions of us dollars (USD),310.364
PA,2017,11211,millions of us dollars (USD),74.581
PA,2017,11212,millions of us dollars (USD),279.997
PA,2017,1122,millions of us dollars (USD),37.423
PA,2017,1123,millions of us dollars (USD),86.00999999999999
PA,2017,1124,millions of us dollars (USD),1.419
PA,2017,1125,millions of us dollars (USD),0.17099999999999999
PA,2017,1129,millions of us dollars (USD),20.66
WY,2012,11115,millions of us dollars (USD),30.081999999999997
WY,2012,11119,millions of us dollars (USD),54.772999999999996
WY,2012,1112,millions of us dollars (USD),2.27
WY,2012,1113,millions of us dollars (USD),0.20299999999999999
WY,2012,1114,millions of us dollars (USD),7.596
WY,2012,1119,millions of us dollars (USD),224.958
WY,2012,11211,millions of us dollars (USD),83.199
WY,2012,11212,millions of us dollars (USD),1.321
WY,2012,1122,millions of us dollars (USD),0.005
WY,2012,1123,millions of us dollars (USD),0.002
WY,2012,1124,millions of us dollars (USD),3.3659999999999997
WY,2012,1129,millions of us dollars (USD),3.654
WY,2012,11114,millions of us dollars (USD),13.988
WY,2017,11115,millions of us dollars (USD),11.879999999999999
WY,2017,11119,millions of us dollars (USD),46.294999999999995
WY,2017,1119,millions of us dollars (USD),156.713
WY,2017,11211,millions of us dollars (USD),63.913
WY,2017,11212,millions of us dollars (USD),2.448
WY,2017,1123,millions of us dollars (USD),0.015
WY,2017,1124,millions of us dollars (USD),3.36
WY,2017,1129,millions of us dollars (USD),3.8099999999999996
WY,2017,11114,millions of us dollars (USD),8.561
WY,2017,11113,millions of us dollars (USD),8.758
WY,2017,11112,millions of us dollars (USD),0.353
CO,2012,11111,millions of us dollars (USD),0.024999999999999998
CO,2012,11115,millions of us dollars (USD),817.9269999999999
CO,2012,11119,millions of us dollars (USD),182.35999999999999
CO,2012,1112,millions of us dollars (USD),300.489
CO,2012,1113,millions of us dollars (USD),23.343999999999998
CO,2012,1114,millions of us dollars (USD),276.22499999999997
CO,2012,1119,millions of us dollars (USD),315.801
CO,2012,11211,millions of us dollars (USD),132.323
CO,2012,11212,millions of us dollars (USD),10.843
CO,2012,1124,millions of us dollars (USD),2.536
CO,2012,1129,millions of us dollars (USD),2.609
CO,2017,11111,millions of us dollars (USD),0.151
CO,2017,11115,millions of us dollars (USD),646.773
CO,2017,11119,millions of us dollars (USD),273.818
CO,2017,1112,millions of us dollars (USD),293.847
CO,2017,1113,millions of us dollars (USD),35.644
CO,2017,1114,millions of us dollars (USD),323.315
CO,2017,1119,millions of us dollars (USD),336.587
CO,2017,11211,millions of us dollars (USD),118.21199999999999
CO,2017,11212,millions of us dollars (USD),11.001999999999999
CO,2017,1123,millions of us dollars (USD),0.5519999999999999
CO,2017,1124,millions of us dollars (USD),2.342
CO,2017,1129,millions of us dollars (USD),2.443
CO,2017,11114,millions of us dollars (USD),181.893
CO,2017,11113,millions of us dollars (USD),7.8759999999999994
CO,2017,11112,millions of us dollars (USD),2.346
